文章日期,交易日,标题,上证%,创业板%,沪深300%,共振差(沪-创),共振差(300-沪),券商%,沪市成交(亿),他自述指标
2023-07-22,2023-07-21,功夫在盘外，不在电脑前,-0.06,0.35,-0.05,0.41,0.01,0.24,2807.0,
2023-07-29,2023-07-28,成交量的奥秘,1.84,1.62,2.32,0.22,0.48,7.67,4369.0,
2024-02-05,2024-02-05,信号不满足，绝不抄底（2024.2.5）,-1.02,0.79,0.65,1.81,1.67,-1.91,4249.0,
2024-02-06,2024-02-06,苦尽甘来（2024.2.6）,3.23,6.71,3.48,3.48,0.25,5.77,4412.0,
2024-02-07,2024-02-07,反转持续性确立（2024.2.7）,1.44,2.37,0.96,0.93,0.48,1.24,4959.0,
2024-02-08,2024-02-08,完美收官（2024.2.8）,1.28,1.16,0.64,0.12,0.64,0.9,4829.0,
2024-02-19,2024-02-19,博弈才刚刚开始（2024.2.19）,1.56,1.13,1.16,0.43,0.4,-1.24,4421.0,
2024-02-20,2024-02-20,良性轮动，继续向上（2024.2.20）,0.42,-0.01,0.21,0.43,0.21,1.26,3571.0,
2024-02-21,2024-02-21,后知后觉喝汤，不知不觉买单（2024.2.21）,0.97,0.36,1.35,0.61,0.38,0.95,4509.0,
2024-02-22,2024-02-22,结构良好，不言顶（2024.2.22）,1.27,0.31,0.86,0.96,0.41,1.2,3653.0,
2024-02-23,2024-02-23,A股3000点，稳了吗？（2024.2.23）,0.55,0.02,0.09,0.53,0.46,0.19,3982.0,
2024-02-26,2024-02-26,A股：狂欢中结束？（2024.2.26）,-0.93,-0.37,-1.04,0.56,0.11,-0.92,4276.0,
2024-02-27,2024-02-27,A股：再上一个台阶（2024.2.27）,1.29,2.41,1.2,1.12,0.09,1.77,4126.0,
2024-02-28,2024-02-28,A股：结构无碍，良性回调（2024.2.28）,-1.91,-2.51,-1.27,0.6,0.64,-1.64,5766.0,
2024-02-29,2024-02-29,A股：权重崛起，小票让路（2024.2.29）,1.94,3.32,1.91,1.38,0.03,2.06,4528.0,
2024-03-01,2024-03-01,A股：大势向上，但有一个雷（2024.3.1）,0.39,0.94,0.62,0.55,0.23,0.59,4430.0,
2024-03-03,2024-03-01,致鳄鱼派，每一位粉丝,0.39,0.94,0.62,0.55,0.23,0.59,4430.0,
2024-03-04,2024-03-04,A股：两极分化，倒春寒？（2024.3.4）,0.41,0.59,0.09,0.18,0.32,-1.21,4617.0,
2024-03-05,2024-03-05,A股：多空大战！谁赢了？（2024.3.5）,0.28,-0.06,0.7,0.34,0.42,-0.65,4589.0,
2024-03-06,2024-03-06,A股：临门一脚，踢偏了？（2024.3.6）,-0.26,-0.06,-0.41,0.2,0.15,-0.01,4013.0,
2024-03-07,2024-03-07,大多数股民：挨打回回有！（2024.3.7）,-0.41,-2.33,-0.6,1.92,0.19,-1.13,4234.0,
2024-03-08,2024-03-08,A股：百花齐放才是春（2024.3.8）,0.62,0.97,0.43,0.35,0.19,0.02,3706.0,
2024-03-11,2024-03-11,A股：主线角逐，良性轮动（2024.3.11）,0.74,4.6,1.25,3.86,0.51,1.54,4279.0,
2024-03-12,2024-03-12,A股：轮动，直到新主线诞生（2024.3.12）,-0.41,0.83,0.23,1.24,0.64,0.56,4946.0,
2024-03-13,2024-03-13,A股：留给机构的时间不多了（2024.3.13）,-0.4,-0.57,-0.7,0.17,0.3,-1.28,4425.0,
2024-03-14,2024-03-14,资金高低切换，局部踩踏（2024.3.14）,-0.18,-0.64,-0.28,0.46,0.1,-0.95,4363.0,
2024-03-15,2024-03-15,A股：多空博弈，利好助力（2024.3.15）,0.54,0.06,0.22,0.48,0.32,0.64,4059.0,
2024-03-18,2024-03-18,A股：突破了，但并不标准（2024.3.18）,0.99,2.25,0.94,1.26,0.05,2.26,4855.0,
2024-03-19,2024-03-19,A股：牛没来，继续震荡（2024.3.19）,-0.72,-1.01,-0.72,0.29,0.0,-1.82,4469.0,
2024-03-20,2024-03-20,A股：游资狂欢，机构观望（2024.3.20）,0.55,0.12,0.22,0.43,0.33,0.18,4074.0,
2024-03-21,2024-03-21,妖股是妖孽？还是祥瑞？（2024.3.21）,-0.08,-0.64,-0.12,0.56,0.04,0.48,4376.0,
2024-03-22,2024-03-22,A股：震荡行情，及时止盈（2024.3.22）,-0.95,-1.47,-1.01,0.52,0.06,-1.66,4568.0,
2024-03-25,2024-03-25,A股：新炒作周期开启（2024.3.25）,-0.71,-1.91,-0.54,1.2,0.17,-3.08,4435.0,
2024-03-26,2024-03-26,A股：高低切换，虽迟但到（2024.3.26）,0.17,0.44,0.51,0.27,0.34,0.35,3964.0,
2024-03-27,2024-03-27,A股：城门失火，殃及池鱼（2024.3.27）,-1.26,-2.81,-1.16,1.55,0.1,-1.9,3762.0,
2024-03-29,2024-03-29,A股：止跌信号不满足，继续等（2024.3.29）,1.01,0.63,0.47,0.38,0.54,0.39,3646.0,
2024-04-01,2024-04-01,A股：愚人节的“惊喜”（2024.4.1）,1.19,2.97,1.64,1.78,0.45,1.44,4209.0,
2024-04-02,2024-04-02,A股：回落套一片（2024.4.2）,-0.08,-0.62,-0.42,0.54,0.34,-0.63,3967.0,
2024-04-03,2024-04-03,A股：节前效应加剧（2024.4.3）,-0.18,-1.08,-0.36,0.9,0.18,-0.71,3927.0,
2024-04-08,2024-04-08,A股：继续往下补缺口（2024.4.8）,-0.72,-1.81,-0.88,1.09,0.16,-1.81,4218.0,
2024-04-09,2024-04-09,A股：止跌信号，逐渐出现（2024.4.9）,0.05,1.14,-0.08,1.09,0.13,0.29,3478.0,
2024-04-10,2024-04-10,A股：继续等信号（2024.4.10）,-0.7,-2.06,-0.81,1.36,0.11,-1.87,3647.0,
2024-04-11,2024-04-11,A股：还不是摔杯的时候（2024.4.11）,0.23,-0.44,-0.01,0.67,0.24,-0.38,3641.0,
2024-04-12,2024-04-12,A股：极度缩量，下周变盘（2024.4.12）,-0.49,-1.08,-0.81,0.59,0.32,-1.81,3631.0,
2024-04-17,2024-04-17,A股：美中不足的反弹（2024.4.17）,2.14,2.11,1.55,0.03,0.59,2.15,4163.0,
2024-04-18,2024-04-18,A股：小行情，小仓位（2024.4.18）,0.09,-0.55,0.12,0.64,0.03,0.65,4414.0,
2024-04-19,2024-04-19,A股：游资积极，机构消极（2024.4.19）,-0.29,-1.76,-0.79,1.47,0.5,-0.6,3966.0,
2024-04-22,2024-04-22,A股：食之无味，弃之不可惜（2024.4.22）,-0.67,-0.32,-0.3,0.35,0.37,0.08,3822.0,
2024-04-23,2024-04-23,A股：补跌走完，还有一波？（2024.4.23）,-0.74,0.15,-0.7,0.89,0.04,-0.12,3487.0,
2024-04-24,2024-04-24,A股：雨过天晴，开启反弹（2024.4.24）,0.76,0.7,0.44,0.06,0.32,0.15,3352.0,
2024-04-25,2024-04-25,A股：反弹不是反转（2024.4.25）,0.27,-0.04,0.25,0.31,0.02,-0.32,3158.0,
2024-04-26,2024-04-26,A股：突破了！终于等到你（2024.4.26）,1.17,3.34,1.53,2.17,0.36,6.04,4842.0,
2024-04-29,2024-04-29,A股：大获全胜！差点逼空（2024.4.29）,0.79,3.5,1.11,2.71,0.32,1.46,5549.0,
2024-04-30,2024-04-30,A股：良性回调，节后再战（2024.4.30）,-0.26,-1.55,-0.54,1.29,0.28,-1.78,4738.0,
2024-05-06,2024-05-06,A股：红包行情，领完再看（2024.5.6）,1.16,1.98,1.48,0.82,0.32,0.57,5113.0,
2024-05-07,2024-05-07,A股：主线诞生，开启押注（2024.5.7）,0.22,-0.14,0.03,0.36,0.19,-0.31,4270.0,
2024-05-08,2024-05-08,A股：地产跌倒，市场回调（2024.5.8）,-0.61,-1.45,-0.79,0.84,0.18,-1.42,3672.0,
2024-05-09,2024-05-09,A股：群雄逐鹿争主线（2024.5.9）,0.83,1.87,0.95,1.04,0.12,0.77,3990.0,
2024-05-10,2024-05-10,A股：主线争夺激烈，边打边撤（2024.5.10）,0.01,-1.15,0.05,1.16,0.04,0.76,4067.0,买盘-0.8%/基差盘中扩大到30
2024-05-13,2024-05-13,A股：权重无碍，题材退潮（2024.5.13）,-0.21,-0.95,-0.04,0.74,0.17,0.24,4260.0,买盘-0.5%/基差25
2024-05-14,2024-05-14,A股：等多空大战出结果（2024.5.14）,-0.07,-0.26,-0.21,0.19,0.14,0.51,3701.0,买盘-0.6%/基差25
2024-05-15,2024-05-15,A股：买房人，岁月静好（2024.5.15）,-0.82,-0.9,-0.85,0.08,0.03,-2.7,3330.0,
2024-05-16,2024-05-16,A股：主线开始加速，要留意（2024.5.16）,0.08,0.29,0.39,0.21,0.31,0.01,3775.0,买盘不满足/基差也不满足
2024-05-17,2024-05-17,A股：势，不可挡（2024.5.17）,1.01,1.12,1.03,0.11,0.02,1.52,3896.0,
2024-05-20,2024-05-20,A股：这个突破，还不标准（2024.5.20）,0.54,0.59,0.35,0.05,0.19,0.12,4488.0,买盘1.6%/基差30
2024-05-21,2024-05-21,A股：守住果实，等待时机（2024.5.21）,-0.42,-0.77,-0.4,0.35,0.02,-0.54,3466.0,买盘-1.8%/基差28
2024-05-22,2024-05-22,A股：多看看，莫激动（2024.5.22）,0.02,0.88,0.23,0.86,0.21,0.19,3641.0,
2024-05-23,2024-05-23,A股：看信号，等止跌（2024.5.23）,-1.33,-1.38,-1.16,0.05,0.17,-1.99,3567.0,买盘-2.2%/基差28
2024-05-24,2024-05-24,A股：极度缩量，下周选方向（2024.5.24）,-0.88,-1.81,-1.11,0.93,0.23,-1.38,3227.0,买盘-2.3%/基差27
2024-05-27,2024-05-27,A股：弱反弹，二选一（2024.5.27）,1.14,0.68,0.95,0.46,0.19,1.0,3454.0,
2024-05-28,2024-05-28,A股：牛心熊胆，一触即发（2024.5.28）,-0.46,-1.35,-0.73,0.89,0.27,-1.07,3210.0,
2024-05-29,2024-05-29,A股：弱反弹，快进快出（2024.5.29）,0.05,0.27,0.12,0.22,0.07,0.26,2975.0,买盘-0.6%/基差34
2024-05-31,2024-05-31,A股：五月收官，6月再战（2024.5.31）,-0.16,-0.44,-0.4,0.28,0.24,-0.2,3011.0,买盘-0.8%/基差25
2024-06-03,2024-06-03,A股：同样的剧本，同样的结果（2024.6.3）,-0.27,0.79,0.25,1.06,0.52,-1.04,3676.0,
2024-06-04,2024-06-04,A股：变天越来越近（2024.6.4）,0.41,1.33,0.75,0.92,0.34,0.69,3256.0,买盘-0.2%/基差36
2024-06-05,2024-06-05,A股：激进派挨打，保守派看戏（2024.6.5）,-0.83,-0.54,-0.58,0.29,0.25,-0.5,2997.0,
2024-06-06,2024-06-06,A股：加速赶底，时机将至（2024.6.6）,-0.54,-0.71,-0.07,0.17,0.47,-1.2,3713.0,买盘-0.8%/基差26
2024-06-07,2024-06-07,A股：先过节，再领红包（2024.6.7）,0.08,-2.16,-0.5,2.24,0.58,-0.56,3189.0,买盘0.2%/基差34
2024-06-11,2024-06-11,A股：红包，还是“红包”（2024.6.11）,-0.76,0.35,-0.87,1.11,0.11,-0.08,3327.0,买盘0.2%/基差24
2024-06-12,2024-06-12,A股：“危”“机”并存（2024.6.12）,0.31,-0.44,0.03,0.75,0.28,0.02,3121.0,买盘-0.1%/基差32
2024-06-13,2024-06-13,A股：感到绝望，就快了（2024.6.13）,-0.28,-0.09,-0.51,0.19,0.23,-0.1,3369.0,买盘-0.5%/基差30
2024-06-14,2024-06-14,A股：市场不是非黑即白（2024.6.14）,0.12,0.76,0.44,0.64,0.32,2.23,3962.0,买盘1.2%/基差30
2024-06-17,2024-06-17,A股：&quot;吾以诚心相献，君何踌躇不前？&quot;（2024.6.17）,-0.55,0.83,-0.15,1.38,0.4,0.06,3381.0,买盘-0.1%/基差34
2024-06-18,2024-06-18,A股：机构试盘，反馈良好（2024.6.18）,0.48,0.29,0.27,0.19,0.21,0.7,3173.0,买盘0.5%/基差35
2024-06-19,2024-06-19,A股：要废太子？立港股？（2024.6.19）,-0.4,-1.26,-0.47,0.86,0.07,-1.34,3003.0,买盘-1.2%/基差30
2024-06-20,2024-06-20,A股：恐慌杀出带血筹码（2024.6.20）,-0.42,-1.44,-0.72,1.02,0.3,-1.06,3241.0,买盘-2%/基差29
2024-06-21,2024-06-21,A股：讲三个事实（2024.6.21）,-0.24,-0.39,-0.22,0.15,0.02,0.17,2803.0,
2024-06-24,2024-06-24,A股：国家队抄底的第三天（2024.6.24）,-1.17,-1.39,-0.54,0.22,0.63,-1.04,3186.0,买盘-2.6%/基差33
2024-06-25,2024-06-25,A股：国家队抄底的第四天（2024.6.25）,-0.44,-1.82,-0.54,1.38,0.1,-1.52,2966.0,买盘-1.5%/基差38
2024-06-26,2024-06-26,A股：国家队抄底的第五天（2024.6.26）,0.76,1.8,0.65,1.04,0.11,1.18,2762.0,买盘1.2%/基差41
2024-06-27,2024-06-27,A股：国家队抄底的第六天（2024.6.27）,-0.9,-1.59,-0.75,0.69,0.15,-1.21,2667.0,买盘-2.4%/基差31
2024-06-28,2024-06-28,A股：国家队抄底的第七天（2024.6.28）,0.73,-1.16,0.22,1.89,0.51,-2.39,3133.0,
2024-07-01,2024-07-01,A股：国家队抄底的第八天（2024.7.1）,0.92,-0.04,0.48,0.96,0.44,0.11,2943.0,买盘0.6%/基差40
2024-07-02,2024-07-02,A股：国家队暂停抄底（2024.7.2）,0.08,-1.05,-0.18,1.13,0.26,-0.5,2826.0,买盘-1.1%/基差37
2024-07-03,2024-07-03,A股：国家队抄底的第九天（2024.7.3）,-0.49,-0.3,-0.24,0.19,0.25,0.2,2578.0,买盘-2%/基差35
2024-07-04,2024-07-04,A股：国家队抄底的第十天（2024.7.4）,-0.83,-0.78,-0.51,0.05,0.32,-1.89,2590.0,买盘-2.5%/基差38
2024-07-05,2024-07-05,A股：国家队抄底的第11天（2024.7.5）,-0.26,0.51,-0.43,0.77,0.17,0.13,2715.0,买盘-0.3%/基差38
2024-07-08,2024-07-08,A股：国家队抄底的第12天（2024.7.8）,-0.93,-1.62,-0.85,0.69,0.08,-2.64,2709.0,买盘-2.2%/基差36
2024-07-09,2024-07-09,A股：国家队抄底的第13天（2024.7.9）,1.26,1.43,1.12,0.17,0.14,2.03,3204.0,买盘3.1%/基差33
2024-07-10,2024-07-10,A股：你被反弹，骗了几次？（2024.7.10）,-0.68,-0.06,-0.32,0.62,0.36,0.21,3060.0,买盘-0.3%/基差27
2024-07-11,2024-07-11,A股：不着急，时机未到（2024.7.11）,1.06,2.06,1.14,1.0,0.08,1.48,3377.0,买盘3.2%/基差明显收敛21
2024-07-12,2024-07-12,A股：别盲目乐观，还得磨（2024.7.12）,0.03,-0.09,0.12,0.12,0.09,-0.27,3026.0,买盘-0.2%/基差20
2024-07-15,2024-07-15,A股：风险释放，可以埋伏（2024.7.15）,0.09,-0.63,0.11,0.72,0.02,-0.02,2687.0,买盘-1.5%/基差28.避险资金出逃
2024-07-16,2024-07-16,A股：轮动行情，这样应对（2024.7.16）,0.08,1.39,0.63,1.31,0.55,0.84,2791.0,买盘0.3%/基差再次扩大到31.成交量继续萎靡
2024-07-17,2024-07-17,A股：两条腿走路，缺一不可（2024.7.17）,-0.45,0.01,0.09,0.46,0.54,0.65,3055.0,买盘-1.2%/基差29
2024-07-18,2024-07-18,A股：鳄鱼欢喜，肥羊愁（2024.7.18）,0.48,1.25,0.55,0.77,0.07,0.59,3013.0,买盘0.5%/基差29
2024-07-19,2024-07-19,A股：似曾相识，燕归来？（2024.7.19）,0.17,0.45,0.51,0.28,0.34,1.24,3191.0,买盘0.3%/基差35
2024-07-21,2024-07-19,怀疑主义者，请取关,0.17,0.45,0.51,0.28,0.34,1.24,3191.0,
2024-07-22,2024-07-22,A股：猎物抱团，猎人独行（2024.7.22）,-0.61,-0.09,-0.68,0.52,0.07,0.78,3164.0,买盘0.1%/基差30
2024-07-23,2024-07-23,A股：同样的套路，次次管用（2024.7.23）,-1.65,-3.04,-2.13,1.39,0.48,-2.42,3072.0,买盘-2.5%/基差17
2024-07-24,2024-07-24,A股：再来一遍加速杀跌？（2024.7.24）,-0.46,-1.23,-0.63,0.77,0.17,-1.18,2887.0,
2024-07-25,2024-07-25,A股：经验比短期盈利更宝贵（2024.7.25）,-0.52,-0.39,-0.55,0.13,0.03,1.06,2733.0,买盘-0.8%/基差26.明天继续盯着那三个数据：国债、汇率、融资余额
2024-07-26,2024-07-26,A股：万事俱备，只欠东风（2024.7.26）,0.14,0.92,0.29,0.78,0.15,1.81,2754.0,买盘0.8%/基差18
2024-07-29,2024-07-29,A股：接着赛马，接着等东风（2024.7.29）,0.03,-1.44,-0.54,1.47,0.57,-0.87,2601.0,买盘-0.5%/基差14
2024-07-30,2024-07-30,A股：激流勇退？还是继续？（2024.7.30）,-0.43,-0.29,-0.63,0.14,0.2,0.37,2695.0,买盘-0.6%/基差15
2024-07-31,2024-07-31,A股：轻舟已过万重山（2024.7.31）,2.06,3.51,2.16,1.45,0.1,5.16,4189.0,买盘6%/基差0.88.后续留意增量资金情况
2024-08-01,2024-08-01,A股：给了机会，但没用（2024.8.1）,-0.22,-1.31,-0.66,1.09,0.44,-0.37,3526.0,买盘1.5%/基差5
2024-08-02,2024-08-02,A股：混乱、博弈、考验（2024.8.2）,-0.92,-1.66,-1.02,0.74,0.1,-2.06,3149.0,
2024-08-05,2024-08-05,A股：一只黑天鹅，打回原形（2024.8.5）,-1.54,-1.89,-1.21,0.35,0.33,-0.56,3569.0,买盘-1.4%/基差7
2024-08-07,2024-08-07,A股：等黑天鹅飞走（2024.8.7）,0.09,-0.43,-0.04,0.52,0.13,-0.45,2638.0,买盘-1.4%/基差15
2024-08-08,2024-08-08,A股：继续等抱团瓦解（2024.8.8）,0.0,-0.54,0.04,0.54,0.04,0.36,2711.0,买盘-1.2%/基差10.国债松动
2024-08-09,2024-08-09,A股：卧薪尝胆，以待天时（2024.8.9）,-0.27,-0.98,-0.34,0.71,0.07,-1.02,2529.0,买盘-1.6%/基差13
2024-08-12,2024-08-12,A股：空仓or翻垃圾（2024.8.12）,-0.14,-0.2,-0.17,0.06,0.03,-0.23,2176.0,买盘-2.8%（上一次是7月8号）/基差7
2024-08-13,2024-08-13,A股：加速赶底，第二天（2024.8.13）,0.34,0.93,0.26,0.59,0.08,1.3,2109.0,买盘-2.1%/基差12
2024-08-14,2024-08-14,A股：快了，加速第三天（2024.8.14）,-0.6,-1.42,-0.75,0.82,0.15,-0.75,2075.0,买盘-2.5%/基差15
2024-08-15,2024-08-15,A股：让子弹多飞一会儿（2024.8.15）,0.94,0.53,0.99,0.41,0.05,1.1,2550.0,买盘0.5%/基差12
2024-08-16,2024-08-16,A股：跟风攀比导致悲剧（2024.8.16）,0.07,-0.08,0.11,0.15,0.04,-0.79,2436.0,买盘-0.8%/基差12
2024-08-19,2024-08-19,A股：越是艰难处，越是修心时（2024.8.19）,0.49,-0.14,0.34,0.63,0.15,-0.06,2430.0,买盘-0.6%/基差11
2024-08-20,2024-08-20,A股：流水的抱团（2024.8.20）,-0.93,-1.34,-0.72,0.41,0.21,-1.07,2373.0,买盘-1.5%/基差16
2024-08-21,2024-08-21,A股：投机，不是科学（2024.8.21）,-0.35,-0.6,-0.33,0.25,0.02,-0.33,2099.0,买盘-1.2%/基差13
2024-08-22,2024-08-22,A股：又要打新低了吗？（2024.8.22）,-0.27,-0.76,-0.26,0.49,0.01,-1.76,2301.0,
2024-08-23,2024-08-23,A股：是最后一个新低吗？（2024.8.23）,0.2,0.02,0.42,0.18,0.22,1.02,2146.0,
2024-08-26,2024-08-26,A股：开始有了点变化（2024.8.26）,0.04,-0.1,-0.09,0.14,0.13,-0.34,2168.0,买盘0.2%/基差7
2024-08-27,2024-08-27,A股：别怕跌，跌的越快越好（2024.8.27）,-0.24,-0.94,-0.57,0.7,0.33,-0.91,2157.0,买盘-2.1%/基差4
2024-08-28,2024-08-28,A股：隔岸观火，看神仙打架（2024.8.28）,-0.4,0.05,-0.57,0.45,0.17,0.01,2139.0,买盘-0.88%/基差9
2024-08-29,2024-08-29,A股：新低了，但持仓大涨了（2024.8.29）,-0.5,0.65,-0.27,1.15,0.23,0.56,2576.0,
2024-08-30,2024-08-30,A股：无需多言，按部就班（2024.8.30）,0.68,2.53,1.33,1.85,0.65,2.6,3841.0,买盘6.5%/基差2
2024-09-02,2024-09-02,A股：持股不动！看多做多！（2024.9.2）,-1.1,-2.75,-1.7,1.65,0.6,-2.55,3148.0,买盘-0.3%/基差8
2024-09-03,2024-09-03,A股：坚持做正确的事，有回报（2024.9.3）,-0.29,1.26,0.26,1.55,0.55,0.85,2528.0,买盘0.8%/基差10
2024-09-04,2024-09-04,A股：预料之中，按部就班（2024.9.4）,-0.67,-0.11,-0.65,0.56,0.02,-0.16,2347.0,买盘-0.5%/基差7
2024-09-05,2024-09-05,A股：9月，见证历史！（2024.9.5）,0.14,0.65,0.17,0.51,0.03,0.98,2275.0,买盘0.6%/基差9
2024-09-06,2024-09-06,A股：同志，你又动摇了吗？（2024.9.6）,-0.81,-1.7,-0.81,0.89,0.0,0.49,2286.0,买盘-1.2%/基差12
2024-09-09,2024-09-09,A股：耐心，当下的秘诀（2024.9.9）,-1.06,0.06,-1.19,1.12,0.13,-0.03,2366.0,买盘-1.2%/基差11
2024-09-10,2024-09-10,A股：人各有命，别劝（2024.9.10）,0.28,0.06,0.09,0.22,0.19,-0.52,2264.0,
2024-09-11,2024-09-11,A股：就让它安静地涨（2024.9.11）,-0.82,1.19,-0.3,2.01,0.52,0.14,2198.0,买盘-1.2%/基差12
2024-09-12,2024-09-12,A股：预案-信号-执行（2024.9.12）,-0.17,-0.42,-0.43,0.25,0.26,-0.32,2186.0,买盘-0.8%/基差7
2024-09-13,2024-09-13,A股：月有阴晴圆缺（2024.9.13）,-0.48,-1.07,-0.42,0.59,0.06,0.14,2278.0,买盘-1.1%/基差11
2024-09-18,2024-09-18,A股：明天开牌（2024.9.18）,0.49,-0.11,0.37,0.6,0.12,0.07,2131.0,买盘-0.8%/基差16
2024-09-19,2024-09-19,A股：别激动，今天只是开胃菜（2024.9.19）,0.69,0.85,0.79,0.16,0.1,1.45,2805.0,买盘3%/基差11
2024-09-20,2024-09-20,A股：好的买点，要珍惜（2024.9.20）,0.03,-0.64,0.16,0.67,0.13,-0.1,2554.0,买盘0.4%/基差16
2024-09-23,2024-09-23,A股：千人千言，冷暖自知（2024.9.23）,0.44,-0.4,0.37,0.84,0.07,-0.01,2352.0,买盘0.2%/基差15
2024-09-24,2024-09-24,A股：坚守者的回报~（2024.9.24）,4.15,5.54,4.33,1.39,0.18,6.14,4428.0,
2024-09-25,2024-09-25,A股：继续，怀疑中上涨（2024.9.25）,1.16,1.62,1.48,0.46,0.32,2.15,5167.0,买盘8.2%/基差0.5%
2024-09-26,2024-09-26,A股：抄底后的，枯燥时光（2024.9.26）,3.61,4.42,4.23,0.81,0.62,6.0,5247.0,买盘9.8%/基差-38
2024-09-27,2024-09-27,A股：涨不言顶，拿住，看信号（2024.9.27）,2.89,10.0,4.47,7.11,1.58,9.3,4806.0,买盘12%/基差-129
2024-09-30,2024-09-30,A股：鳄鱼们国庆快乐~（2024.9.30）,8.06,15.36,8.48,7.3,0.42,10.68,11678.0,
2024-10-08,2024-10-08,A股：开始止盈≠看空（2024.10.8）,4.59,17.25,5.93,12.66,1.34,10.87,15105.0,买盘23%/基差-7
2024-10-09,2024-10-09,A股：分歧何时结束？（2024.10.9）,-6.62,-10.59,-7.05,3.97,0.43,-4.01,12643.0,买盘0.2%/基差26
2024-10-10,2024-10-10,A股：开启震荡吃人行情（2024.10.10）,1.32,-2.95,1.06,4.27,0.26,-6.55,9478.0,买盘1.4%/基差-13
2024-10-11,2024-10-11,A股：急跌是好事（2024.10.11）,-2.55,-5.06,-2.77,2.51,0.22,-0.13,6643.0,买盘-4%/基差-16
2024-10-14,2024-10-14,A股：带血的筹码，收下了（2024.10.14）,2.07,2.6,1.91,0.53,0.16,0.4,7015.0,买盘2.2%/基差-0.66
2024-10-15,2024-10-15,A股：继续打游击（2024.10.15）,-2.53,-3.22,-2.66,0.69,0.13,-3.52,6191.0,买盘-1.8%/基差6
2024-10-16,2024-10-16,A股：缩量了，是好信号（2024.10.16）,0.05,-2.21,-0.63,2.26,0.68,0.59,5331.0,买盘-1.5%/基差-1.4
2024-10-17,2024-10-17,A股：抢跑过度？还是有雷？（2024.10.17）,-1.05,-0.32,-1.13,0.73,0.08,-0.76,5573.0,买盘-0.5%/基差8
2024-10-18,2024-10-18,A股：危机解除，但别激动（2024.10.18）,2.91,7.95,3.62,5.04,0.71,7.12,8279.0,买盘5.2%/基差-6
2024-10-21,2024-10-21,A股：震荡行情看预期差（2024.10.21）,0.2,0.69,0.25,0.49,0.05,-2.02,8558.0,买盘3%/基差-6
2024-10-22,2024-10-22,A股：科技休息，其他轮涨（2024.10.22）,0.54,0.3,0.57,0.24,0.03,0.9,6989.0,买盘0.5%/基差-9
2024-10-23,2024-10-23,A股：又是庆功宴~（2024.10.23）,0.52,-0.53,0.39,1.05,0.13,-0.47,7601.0,买盘0.4%/基差-8
2024-10-24,2024-10-24,A股：沉默中爆发or消亡（2024.10.24）,-0.68,-1.37,-1.12,0.69,0.44,-0.22,5852.0,买盘-1.8%/基差-6
2024-10-25,2024-10-25,A股：危机解除了，一半（2024.10.25）,0.59,2.93,0.7,2.34,0.11,0.84,6773.0,买盘1.2%/基差-2
2024-10-28,2024-10-28,A股：迎接极端行情（2024.10.28）,0.68,-0.44,0.2,1.12,0.48,0.12,7175.0,买盘1.4%/基差-7
2024-10-29,2024-10-29,A股：又到赛点（2024.10.29）,-1.08,-2.32,-1.0,1.24,0.08,-1.09,8066.0,买盘-0.5%/基差-13
2024-10-30,2024-10-30,A股：好的买点，得等（2024.10.30）,-0.61,-1.18,-0.9,0.57,0.29,-0.28,7306.0,
2024-10-31,2024-10-31,A股：10月收官总结（2024.10.31）,0.42,0.6,0.04,0.18,0.38,2.97,8650.0,买盘2.5%/基差-0.16
2024-11-01,2024-11-01,A股：风格切换，应验（2024.11.1）,-0.24,-1.88,-0.03,1.64,0.21,-1.15,8781.0,买盘-1.8%/基差-14
2024-11-04,2024-11-04,A股：机构上班，游资度假（2024.11.4）,1.17,2.93,1.41,1.76,0.24,3.99,6923.0,买盘0.4%/基差-12
2024-11-05,2024-11-05,A股：别激动，突破没确立（2024.11.5）,2.32,4.75,2.53,2.43,0.21,5.61,9299.0,买盘4%/基差-23
2024-11-06,2024-11-06,A股：今天刺激吗？好戏刚开始（2024.11.6）,-0.09,-1.05,-0.5,0.96,0.41,-0.3,10268.0,买盘2.5%/基差-17
2024-11-07,2024-11-07,A股：11月庆功宴~（2024.11.7）,2.57,3.75,3.02,1.18,0.45,7.88,10488.0,买盘4%/基差-38
2024-11-08,2024-11-08,A股：上涨结束了？还没有（2024.11.8）,-0.53,-1.24,-1.0,0.71,0.47,-2.61,11079.0,买盘2.8%/基差-10
2024-11-11,2024-11-11,A股：今天打折，捡便宜了吗？（2024.11.11）,0.51,3.05,0.66,2.54,0.15,0.21,10243.0,买盘3%/基差-4
2024-11-12,2024-11-12,A股：成功卖在下跌前（2024.11.12）,-1.39,-0.07,-1.1,1.32,0.29,-2.16,10396.0,买盘-1.2%/基差1.14
2024-11-13,2024-11-13,A股：凶兆已现？还有一波？（2024.11.13）,0.51,1.11,0.62,0.6,0.11,-0.53,8294.0,买盘-0.5%/基差-2
2024-11-14,2024-11-14,A股：开盘半小时就下班（2024.11.14）,-1.73,-3.4,-1.73,1.67,0.0,-1.52,7629.0,买盘-3.4%/基差-3
2024-11-15,2024-11-15,A股：晴天打鱼，雨天休息（2024.11.15）,-1.45,-3.91,-1.75,2.46,0.3,-4.27,7459.0,买盘-3%/基差-9
2024-11-18,2024-11-18,A股：止跌的5个信号（2024.11.18）,-0.21,-2.35,-0.46,2.14,0.25,-1.19,7558.0,买盘-2.5%/基差-5
2024-11-19,2024-11-19,A股：反弹了，但别激动（2024.11.19）,0.67,3.0,0.67,2.33,0.0,2.01,6516.0,买盘0.3%/基差2
2024-11-20,2024-11-20,A股：高胜率的秘诀（2024.11.20）,0.66,0.5,0.22,0.16,0.44,0.16,6279.0,买盘0.1%/基差5
2024-11-21,2024-11-21,A股：临门一脚，没打进（2024.11.21）,0.07,-0.09,0.09,0.16,0.02,1.12,6145.0,
2024-11-22,2024-11-22,A股：事了拂衣去（2024.11.22）,-3.06,-3.99,-3.1,0.93,0.04,-4.89,7076.0,买盘-3.8%/基差5
2024-11-25,2024-11-25,A股：同样的流程，再走一遍（2024.11.25）,-0.1,-0.02,-0.46,0.08,0.36,-0.79,5965.0,买盘-1.5%/基差10
2024-11-26,2024-11-26,A股：继续走流程，注意缺口（2024.11.26）,-0.12,-1.15,-0.21,1.03,0.09,-0.13,5095.0,买盘-3.1%/基差7
2024-11-27,2024-11-27,A股：只是弱反弹，别激动（2024.11.27）,1.53,2.73,1.74,1.2,0.21,2.49,5716.0,买盘0.4%/基差6
2024-11-28,2024-11-28,A股：练武不练功，一场空（2024.11.28）,-0.43,-1.76,-0.88,1.33,0.45,-1.06,5582.0,买盘-1.4%/基差2
2024-11-29,2024-11-29,A股：要赚钱？还是要快感？（2024.11.29）,0.93,2.5,1.14,1.57,0.21,2.85,6639.0,买盘1.4%/基差7
2024-12-02,2024-12-02,A股：多头上攻，三而竭？（2024.12.2）,1.13,1.42,0.79,0.29,0.34,1.18,7095.0,买盘1.9%/基差6
2024-12-03,2024-12-03,A股：一周出手一次，就够了（2024.12.3）,0.44,-0.44,0.11,0.88,0.33,-0.09,6840.0,买盘-0.7%/基差9
2024-12-04,2024-12-04,A股：大赚一笔，感谢杠精（2024.12.4）,-0.42,-1.43,-0.54,1.01,0.12,-1.14,6535.0,买盘-1.8%/基差8
2024-12-05,2024-12-05,A股：只耕地，没草吃的牛（2024.12.5）,0.13,0.36,-0.23,0.23,0.36,1.15,5656.0,买盘-0.5%/基差7
2024-12-06,2024-12-06,A股：小作文流出，然后呢？（2024.12.6）,1.05,2.05,1.31,1.0,0.26,1.26,6860.0,买盘0.9%/基差6
2024-12-09,2024-12-09,A股：不敢高声语（2024.12.9）,-0.05,-0.81,-0.17,0.76,0.12,-0.98,6494.0,买盘-1.2%/基差7
2024-12-10,2024-12-10,A股：被利用的股民（2024.12.10）,0.59,0.69,0.73,0.1,0.14,0.97,8605.0,买盘2.1%/基差-3
2024-12-11,2024-12-11,A股：多头和空头，可以是盟友（2024.12.11）,0.29,-0.11,-0.17,0.4,0.46,-0.35,6929.0,买盘0.5%/基差-3
2024-12-12,2024-12-12,A股：龙队向你发出了邀请（2024.12.12）,0.85,1.35,0.99,0.5,0.14,1.36,7342.0,买盘0.8%/基差-8
2024-12-13,2024-12-13,A股：云在青天水在瓶（2024.12.13）,-2.01,-2.48,-2.37,0.47,0.36,-3.09,8507.0,买盘-0.7%/基差5
2024-12-16,2024-12-16,A股：风卷残云剩者王（2024.12.16）,-0.16,-1.51,-0.54,1.35,0.38,-1.55,6752.0,买盘-1.6%/基差6
2024-12-17,2024-12-17,A股：向姜导演学习（2024.12.17）,-0.73,-0.02,0.26,0.71,0.99,-0.01,5848.0,买盘-2.5%/基差3
2024-12-18,2024-12-18,A股：看全貌与看细节（2024.12.18）,0.62,0.04,0.51,0.58,0.11,-0.13,5398.0,买盘-0.6%/基差6
2024-12-19,2024-12-19,A股：机构的抱团与互砍（2024.12.19）,-0.36,0.52,0.09,0.88,0.45,-0.15,5591.0,买盘-1.2%/基差4
2024-12-20,2024-12-20,A股：凛冬将至，鳄鱼冬眠（2024.12.20）,-0.06,-0.18,-0.45,0.12,0.39,0.38,5968.0,买盘-0.2%/基差-3
2025-01-05,2025-01-03,A股：冬天何时结束？（2025.1.5）,-1.57,-2.16,-1.18,0.59,0.39,-2.83,5232.0,
2025-01-06,2025-01-06,A股：静观其变，等信号（2025.1.6）,-0.14,-0.09,-0.16,0.05,0.02,-0.15,4442.0,
2025-01-07,2025-01-07,A股：有好转，但时机未到（2025.1.7）,0.71,0.7,0.72,0.01,0.01,1.16,4364.0,
2025-01-08,2025-01-08,A股：做T或者继续观望（2025.1.8）,0.02,-0.98,-0.18,1.0,0.2,-0.93,5081.0,
2025-01-09,2025-01-09,A股：弱势波段怎么做（2025.1.9）,-0.58,0.11,-0.25,0.69,0.33,-0.53,4344.0,
2025-01-10,2025-01-10,A股：讲是弱反弹，没错吧（2025.1.10）,-1.33,-1.76,-1.25,0.43,0.08,-1.77,4659.0,
2025-01-13,2025-01-13,A股：师爷的话，多琢磨（2025.1.13）,-0.24,0.36,-0.27,0.6,0.03,0.44,4118.0,
2025-01-14,2025-01-14,A股：太阳照常升起（2025.1.14）,2.54,4.71,2.63,2.17,0.09,4.4,5390.0,
2025-01-15,2025-01-15,A股：分歧见主线（2025.1.15）,-0.43,-1.82,-0.64,1.39,0.21,-1.03,4662.0,
2025-01-16,2025-01-16,A股：2025年首场庆功宴（2025.1.16）,0.28,0.66,0.11,0.38,0.17,-0.14,4991.0,
2025-01-17,2025-01-17,A股：给了机会，不中用啊（2025.1.17）,0.18,0.78,0.31,0.6,0.13,0.31,4566.0,
2025-01-20,2025-01-20,A股：起兵第五天，安静和谐（2025.1.20）,0.08,1.81,0.45,1.73,0.37,0.47,4697.0,
2025-01-21,2025-01-21,A股：尊重规律，收获惊喜（2025.1.21）,-0.05,0.36,0.08,0.41,0.13,0.32,4683.0,
2025-01-22,2025-01-22,A股：市场，是最好的老师（2025.1.22）,-0.89,-0.54,-0.93,0.35,0.04,-0.48,4523.0,
2025-01-23,2025-01-23,A股：节前红包，收下了（2025.1.23）,0.51,-0.37,0.18,0.88,0.33,0.41,5398.0,
2025-01-24,2025-01-24,A股：龙年收官！蛇年再战！（2025.1.24）,0.7,1.36,0.77,0.66,0.07,1.14,4807.0,
2025-02-05,2025-02-05,A股：收红包，要拼手速（2025.2.5）,-0.65,-0.04,-0.58,0.61,0.07,0.18,5211.0,
2025-02-06,2025-02-06,A股：第二场庆功宴~（2025.2.6）,1.27,2.8,1.26,1.53,0.01,1.66,5904.0,
2025-02-07,2025-02-07,A股：俺只是根拐杖（2025.2.7）,1.01,2.53,1.3,1.52,0.29,2.16,7576.0,
2025-02-10,2025-02-10,A股：进可攻，退可守（2025.2.10）,0.56,0.44,0.21,0.12,0.35,0.18,6770.0,
2025-02-11,2025-02-11,A股：贪心与不甘心（2025.2.11）,-0.12,-1.43,-0.46,1.31,0.34,-0.76,6322.0,
2025-02-12,2025-02-12,A股：明天又是悲剧上演？（2025.2.12）,0.85,1.81,0.95,0.96,0.1,1.67,6474.0,
2025-02-13,2025-02-13,A股：越赚钱，就会越赚钱（2025.2.13）,-0.42,-0.71,-0.38,0.29,0.04,-0.56,7058.0,
2025-02-14,2025-02-14,A股：情人节发套？（2025.2.14）,0.43,1.8,0.87,1.37,0.44,0.21,6676.0,
2025-02-17,2025-02-17,A股：还追！收你们来了~（2025.2.17）,0.27,0.51,0.21,0.24,0.06,0.29,7501.0,
2025-02-18,2025-02-18,A股：经常庆功，更能成功（2025.2.18）,-0.93,-1.98,-0.88,1.05,0.05,-2.73,6968.0,
2025-02-19,2025-02-19,A股：做好策略，远离二极管（2025.2.19）,0.81,2.03,0.7,1.22,0.11,1.32,6751.0,
2025-02-20,2025-02-20,A股：存量吸血，多空亮剑！（2025.2.20）,-0.02,-0.06,-0.29,0.04,0.27,-0.4,6701.0,
2025-02-21,2025-02-21,A股：路，还是得自己走（2025.2.21）,0.85,2.51,1.26,1.66,0.41,2.16,8557.0,
2025-02-24,2025-02-24,A股：先别骂，大跌还在路上（2025.2.24）,-0.18,-0.67,-0.22,0.49,0.04,-0.59,8028.0,
2025-02-25,2025-02-25,A股：先别急，大跌还在路上（2025.2.25）,-0.8,-1.13,-1.11,0.33,0.31,-1.54,7275.0,
2025-02-26,2025-02-26,A股：别激动，大跌还在路上（2025.2.26）,1.02,1.23,0.87,0.21,0.15,2.55,7479.0,
2025-02-27,2025-02-27,A股：量变引起质变（2025.2.27）,0.23,-0.52,0.21,0.75,0.02,-0.32,7741.0,
2025-02-28,2025-02-28,A股：围师必阙，反弹继续跌（2025.2.28）,-1.98,-3.82,-1.97,1.84,0.01,-3.15,7581.0,
2025-03-03,2025-03-03,A股：继续走退潮流程（2025.3.3）,-0.12,1.2,-0.04,1.32,0.08,-0.4,6440.0,
2025-03-05,2025-03-05,A股：尊重规律（2025.3.5）,0.53,0.01,0.45,0.52,0.08,-0.0,5878.0,
2025-03-06,2025-03-06,A股：开盲盒时间到（2025.3.6）,1.17,2.02,1.38,0.85,0.21,2.54,7364.0,
2025-03-07,2025-03-07,A股：时间差不多咯（2025.3.7）,-0.25,-1.31,-0.31,1.06,0.06,-1.74,6879.0,
2025-03-10,2025-03-10,A股：梅开二度？抱摔？（2025.3.10）,-0.19,-0.25,-0.39,0.06,0.2,-0.73,5950.0,
2025-03-11,2025-03-11,A股：没摔疼，再摔一次（2025.3.11）,0.41,0.19,0.32,0.22,0.09,0.39,5923.0,
2025-03-12,2025-03-12,A股：加入疯狂or保持冷静（2025.3.12）,-0.23,-0.58,-0.36,0.35,0.13,0.56,6485.0,
2025-03-13,2025-03-13,A股：下跌结束？还是开始？（2025.3.13）,-0.39,-1.15,-0.4,0.76,0.01,-0.69,6362.0,
2025-03-14,2025-03-14,A股：补涨or史诗级牛市？（2025.3.14）,1.81,2.8,2.43,0.99,0.62,3.35,7500.0,
2025-03-17,2025-03-17,A股：大手一出，虎卧龙盘（2025.3.17）,0.19,-0.52,-0.24,0.71,0.43,-0.88,6393.0,
2025-03-18,2025-03-18,A股：对“牛”的不同期望（2025.3.18）,0.11,0.61,0.27,0.5,0.16,0.16,5863.0,
2025-03-19,2025-03-19,A股：强扭的瓜不甜（2025.3.19）,-0.1,-0.28,0.06,0.18,0.16,-0.04,5600.0,
2025-03-20,2025-03-20,A股：信仰与现实的博弈（2025.3.20）,-0.51,-1.0,-0.88,0.49,0.37,-0.82,5656.0,
2025-03-21,2025-03-21,A股：梦还在，没跌完（2025.3.21）,-1.29,-2.17,-1.52,0.88,0.23,-1.67,6232.0,
2025-03-24,2025-03-24,A股：梦还没碎，不谈止跌（2025.3.24）,0.15,0.01,0.51,0.14,0.36,-0.1,5867.0,
2025-03-25,2025-03-25,A股：外界干预与自然发展（2025.3.25）,-0.0,-0.33,-0.06,0.33,0.06,-0.43,5164.0,
2025-03-26,2025-03-26,A股：缩量中消亡（2025.3.26）,-0.04,-0.26,-0.33,0.22,0.29,-0.06,4852.0,
2025-03-27,2025-03-27,A股：市场给新股民上课（2025.3.27）,0.15,0.24,0.33,0.09,0.18,0.13,4965.0,
2025-03-28,2025-03-28,A股：下周看大戏（2025.3.28）,-0.67,-0.79,-0.44,0.12,0.23,-0.05,4688.0,
2025-03-31,2025-03-31,A股：恐慌盘还没杀干净（2025.3.31）,-0.46,-1.15,-0.71,0.69,0.25,-1.88,5315.0,
2025-04-01,2025-04-01,A股：愚人节“小礼物”（2025.4.1）,0.38,-0.09,0.01,0.47,0.37,-0.27,4994.0,
2025-04-02,2025-04-02,A股：当下地量，不是止跌信号（2025.4.2）,0.05,0.13,-0.08,0.08,0.13,0.54,4117.0,
2025-04-03,2025-04-03,A股：灰犀牛浮出水面（2025.4.3）,-0.24,-1.86,-0.59,1.62,0.35,-0.17,4865.0,
2025-04-07,2025-04-07,A股：危与机，永远并存（2025.4.7）,-7.34,-12.5,-7.05,5.16,0.29,-10.14,7354.0,
2025-04-08,2025-04-08,A股：护盘之后，怎么走？（2025.4.8）,1.58,1.83,1.71,0.25,0.13,1.61,7302.0,
2025-04-09,2025-04-09,A股：多空双杀，然后呢？（2025.4.9）,1.31,0.98,0.99,0.33,0.32,2.03,7554.0,
2025-04-10,2025-04-10,A股：希望—失望—绝望（2025.4.10）,1.16,2.27,1.31,1.11,0.15,1.34,6824.0,
2025-04-11,2025-04-11,A股：下方的缺口，还补吗？（2025.4.11）,0.45,1.36,0.41,0.91,0.04,0.24,5808.0,
2025-04-14,2025-04-14,A股：熟悉的行情（2025.4.14）,0.76,0.34,0.23,0.42,0.53,0.06,5438.0,
2025-04-15,2025-04-15,A股：冷静了，又没完全冷静（2025.4.15）,0.15,-0.13,0.06,0.28,0.09,-0.35,4563.0,
2025-04-16,2025-04-16,A股：继续回归现实（2025.4.16）,0.26,-1.21,0.31,1.47,0.05,-0.21,4892.0,
2025-04-17,2025-04-17,A股：永不平衡的市场（2025.4.17）,0.13,0.09,-0.02,0.04,0.15,-0.05,4426.0,
2025-04-18,2025-04-18,A股：火鸡科学家（2025.4.18）,-0.11,0.27,0.01,0.38,0.12,0.63,3803.0,
2025-04-21,2025-04-21,A股：这波反弹能涨几天？（2025.4.21）,0.45,1.59,0.33,1.14,0.12,0.56,4294.0,
2025-04-22,2025-04-22,A股：黄金见顶了吗？（2025.4.22）,0.25,-0.82,-0.02,1.07,0.27,-0.19,4527.0,
2025-04-23,2025-04-23,A股：大资金已跑，信吗？（2025.4.23）,-0.1,1.07,0.08,1.17,0.18,0.15,4862.0,
2025-04-24,2025-04-24,A股：大涨大跌，都需要契机（2025.4.24）,0.03,-0.68,-0.07,0.71,0.1,-0.49,4347.0,
2025-04-25,2025-04-25,A股：冲高回落的原因！（2025.4.25）,-0.07,0.59,0.07,0.66,0.14,0.86,4454.0,
2025-04-28,2025-04-28,A股：即将爆跌了吗？（2025.4.28）,-0.2,-0.65,-0.14,0.45,0.06,-0.75,4419.0,
2025-04-29,2025-04-29,A股：重磅数据明天公布！（2025.4.29）,-0.05,-0.13,-0.17,0.08,0.12,-0.28,4309.0,
2025-04-30,2025-04-30,A股：先开心过节！助力消费！（2025.4.30）,-0.23,0.83,-0.12,1.06,0.11,0.3,5056.0,
2025-05-06,2025-05-06,A股：5月宗旨，稳住别浪（2025.5.6）,1.13,1.97,1.01,0.84,0.12,1.48,5518.0,
2025-05-07,2025-05-07,A股：5月行情，结束了吗？（2025.5.7）,0.8,0.51,0.61,0.29,0.19,0.68,5952.0,
2025-05-08,2025-05-08,A股：新高了！即将选择方向（2025.5.8）,0.28,1.65,0.56,1.37,0.28,0.26,5016.0,
2025-05-09,2025-05-09,A股：又要连跌了吗？（2025.5.9）,-0.3,-0.87,-0.17,0.57,0.13,-1.17,4649.0,
2025-05-12,2025-05-12,A股：明天是赛点！（2025.5.12）,0.82,2.63,1.16,1.81,0.34,2.49,5221.0,
2025-05-13,2025-05-13,A股：什么时候能突破？（2025.5.13）,0.17,-0.12,0.15,0.29,0.02,-0.72,5066.0,
2025-05-14,2025-05-14,A股：基金牛，能重演吗？（2025.5.14）,0.86,1.01,1.21,0.15,0.35,3.63,5349.0,
2025-05-15,2025-05-15,A股：市场要变盘了吗？（2025.5.15）,-0.68,-1.91,-0.91,1.23,0.23,-2.02,4613.0,
2025-05-16,2025-05-16,A股：重要数据，周一公布（2025.5.16）,-0.4,-0.19,-0.46,0.21,0.06,-1.1,4356.0,
2025-05-19,2025-05-19,A股：重组大爆发！能做吗？（2025.5.19）,0.0,-0.33,-0.31,0.33,0.31,-0.04,4372.0,
2025-05-20,2025-05-20,A股：疯狂电风扇，悲喜交加（2025.5.20）,0.38,0.77,0.54,0.39,0.16,0.06,4503.0,
2025-05-21,2025-05-21,A股：很闷热，可能要下大雨（2025.5.21）,0.21,0.83,0.47,0.62,0.26,-0.32,4660.0,
2025-05-22,2025-05-22,A股：神之大手，止跌了吗？（2025.5.22）,-0.22,-0.96,-0.06,0.74,0.16,-0.55,4383.0,
2025-05-23,2025-05-23,A股：尊重规律，躲过了风险（2025.5.23）,-0.94,-1.18,-0.81,0.24,0.13,-1.42,4686.0,
2025-05-26,2025-05-26,A股：缩量弱反弹，多注意（2025.5.26）,-0.05,-0.8,-0.57,0.75,0.52,-0.06,4005.0,
2025-05-27,2025-05-27,A股：狂买百亿？潜在利好？（2025.5.27）,-0.18,-0.68,-0.54,0.5,0.36,-0.2,3944.0,
2025-05-28,2025-05-28,A股：小心后面拉一坨大的（2025.5.28）,-0.02,-0.31,-0.08,0.29,0.06,-0.5,3893.0,
2025-05-29,2025-05-29,A股：反弹？还是反转？（2025.5.29）,0.7,1.37,0.59,0.67,0.11,1.17,4537.0,
2025-05-30,2025-05-30,A股：端午节与“劫”（2025.5.30）,-0.47,-0.96,-0.48,0.49,0.01,-0.56,4434.0,
2025-06-03,2025-06-03,A股：6月宗旨，等机会加仓（2025.6.3）,0.43,0.48,0.31,0.05,0.12,0.91,4683.0,
2025-06-04,2025-06-04,A股：下方的缺口，还补吗？（2025.6.4）,0.42,1.11,0.43,0.69,0.01,1.35,4468.0,
2025-06-05,2025-06-05,A股：靠近3400加仓？还是减仓？（2025.6.5）,0.23,1.17,0.23,0.94,0.0,0.95,4982.0,
2025-06-06,2025-06-06,A股：国运平衡器（2025.6.6）,0.04,-0.45,-0.09,0.49,0.13,-0.84,4527.0,
2025-06-09,2025-06-09,A股：满3400，这次减多少？（2025.6.9）,0.43,1.07,0.29,0.64,0.14,1.54,5119.0,
2025-06-10,2025-06-10,A股：疯牛初体验（2025.6.10）,-0.44,-1.17,-0.51,0.73,0.07,-1.42,5574.0,
2025-06-11,2025-06-11,A股：溢价指数新低！要变天？（2025.6.11）,0.52,1.21,0.75,0.69,0.23,1.94,5018.0,
2025-06-12,2025-06-12,A股：海外冷静，内地疯狂（2025.6.12）,0.01,0.26,-0.06,0.25,0.07,-0.15,5016.0,
2025-06-13,2025-06-13,A股：只是打雷了，还没下雨（2025.6.13）,-0.75,-1.13,-0.72,0.38,0.03,-1.06,6054.0,
2025-06-16,2025-06-16,A股：又要开会了，上还是下？（2025.6.16）,0.35,0.66,0.25,0.31,0.1,1.38,4816.0,
2025-06-17,2025-06-17,A股：希望越大，失望越大（2025.6.17）,-0.04,-0.36,-0.09,0.32,0.05,0.3,4580.0,
2025-06-18,2025-06-18,A股：纸在包火（2025.6.18）,0.04,0.23,0.12,0.19,0.08,-1.21,4410.0,
2025-06-19,2025-06-19,A股：等止跌后买什么？（2025.6.19）,-0.79,-1.36,-0.82,0.57,0.03,-1.87,4733.0,
2025-06-20,2025-06-20,A股：缩量下跌，见底了吗？（2025.6.20）,-0.07,-0.84,0.09,0.77,0.16,-0.31,4109.0,
2025-06-23,2025-06-23,A股：武大郎的启示（2025.6.23）,0.65,0.39,0.29,0.26,0.36,1.16,4428.0,
2025-06-24,2025-06-24,A股：大金融带突破，是什么样的？（2025.6.24）,1.15,2.3,1.2,1.15,0.05,2.63,5449.0,
2025-06-25,2025-06-25,A股：摸着石头起兵~（2025.6.25）,1.03,3.11,1.44,2.08,0.41,5.55,6202.0,
2025-06-26,2025-06-26,A股：放量震荡，是走是留？（2025.6.26）,-0.22,-0.66,-0.35,0.44,0.13,-1.71,6031.0,
2025-06-27,2025-06-27,A股：挟银行，以令指数（2025.6.27）,-0.7,0.47,-0.61,1.17,0.09,-0.08,6057.0,
2025-06-30,2025-06-30,A股：一超多强，结构良好（2025.6.30）,0.59,1.35,0.37,0.76,0.22,-0.45,5671.0,
2025-07-01,2025-07-01,A股：决定情绪的两大因素（2025.7.1）,0.39,-0.24,0.17,0.63,0.22,-0.5,5536.0,
2025-07-02,2025-07-02,A股：题材新旧交替，怎么做？（2025.7.2）,-0.09,-1.13,0.02,1.04,0.11,-0.45,5431.0,
2025-07-03,2025-07-03,A股：三条线的竞争（2025.7.3）,0.18,1.9,0.62,1.72,0.44,0.69,5002.0,
2025-07-04,2025-07-04,A股：龙队的心思，你别猜（2025.7.4）,0.32,-0.36,0.36,0.68,0.04,0.01,5672.0,
2025-07-07,2025-07-07,A股：缩量分歧，静观其变（2025.7.7）,0.02,-1.21,-0.43,1.23,0.45,0.11,4762.0,
2025-07-08,2025-07-08,A股：不贪胜，不急躁（2025.7.8）,0.7,2.39,0.84,1.69,0.14,1.19,5675.0,
2025-07-09,2025-07-09,A股：杠杆牛，能走多久？（2025.7.9）,-0.13,0.16,-0.18,0.29,0.05,-0.54,5960.0,
2025-07-10,2025-07-10,A股：涨不涨全看两位哥（2025.7.10）,0.48,0.22,0.47,0.26,0.01,1.2,6132.0,
2025-07-11,2025-07-11,A股：杠杆牛，刺不刺激？（2025.7.11）,0.01,0.8,0.12,0.79,0.11,2.45,7535.0,
2025-07-14,2025-07-14,A股：良性高低切，波段好做（2025.7.14）,0.27,-0.45,0.07,0.72,0.2,-1.12,6231.0,
2025-07-15,2025-07-15,A股：慢牛嘛，要接受（2025.7.15）,-0.42,1.73,0.03,2.15,0.45,-0.43,6469.0,
2025-07-16,2025-07-16,A股：三个信号，盯好了（2025.7.16）,-0.03,-0.22,-0.3,0.19,0.27,-0.47,5724.0,
2025-07-17,2025-07-17,A股：融资八连增，鱼尾？（2025.7.17）,0.37,1.76,0.68,1.39,0.31,0.6,6098.0,
2025-07-18,2025-07-18,A股：融资9连增，注意（2025.7.18）,0.5,0.34,0.6,0.16,0.1,0.38,6436.0,
2025-07-21,2025-07-21,A股：符合预期，长线是金（2025.7.21）,0.72,0.87,0.67,0.15,0.05,1.29,7309.0,
2025-07-22,2025-07-22,A股：传统吸血科技，强~（2025.7.22）,0.62,0.61,0.82,0.01,0.2,0.24,8406.0,
2025-07-23,2025-07-23,A股：杠杆放大波动，追高死（2025.7.23）,0.01,-0.01,0.02,0.02,0.01,1.11,8570.0,
2025-07-24,2025-07-24,A股：明天盯好商品期货（2025.7.24）,0.65,1.5,0.71,0.85,0.06,2.51,8522.0,
2025-07-25,2025-07-25,A股：没负反馈就不慌（2025.7.25）,-0.33,-0.23,-0.53,0.1,0.2,-0.4,8216.0,
2025-07-28,2025-07-28,A股：专注自己的击球点（2025.7.28）,0.12,0.96,0.21,0.84,0.09,0.68,7613.0,
2025-07-29,2025-07-29,A股：变美股了，也挨骂（2025.7.29）,0.33,1.86,0.39,1.53,0.06,0.3,7936.0,
2025-07-30,2025-07-30,A股：开会了！有大招吗？（2025.7.30）,0.17,-1.62,-0.02,1.79,0.19,-1.14,8196.0,
2025-07-31,2025-07-31,A股：充满巧合的市场（2025.7.31）,-1.18,-1.66,-1.82,0.48,0.64,-2.31,8459.0,
2025-08-01,2025-08-01,A股：休息看书行情（2025.8.1）,-0.37,-0.24,-0.51,0.13,0.14,-0.76,6846.0,
2025-08-04,2025-08-04,A股：反弹跑路？还是加仓？（2025.8.4）,0.66,0.5,0.39,0.16,0.27,0.25,6398.0,
2025-08-05,2025-08-05,A股：牵牛还鸡行情（2025.8.5）,0.96,0.39,0.8,0.57,0.16,1.08,6564.0,
2025-08-06,2025-08-06,A股：又见证历史了！（2025.8.6）,0.45,0.66,0.24,0.21,0.21,0.34,7072.0,
2025-08-07,2025-08-07,A股：暗流涌动！静观其变（2025.8.7）,0.16,-0.68,0.03,0.84,0.13,0.01,7497.0,
2025-08-08,2025-08-08,A股：下周盯好它（2025.8.8）,-0.12,-0.38,-0.24,0.26,0.12,-0.87,7136.0,
2025-08-11,2025-08-11,A股：继续盯好它（2025.8.11）,0.34,1.96,0.43,1.62,0.09,1.28,7513.0,
2025-08-16,2025-08-15,活在当下，考虑未来,0.83,2.61,0.7,1.78,0.13,4.43,9606.0,
2025-08-31,2025-08-29,A股：9月预案，做好准备（2025.8.31）,0.37,2.23,0.74,1.86,0.37,0.22,12217.0,
2025-09-01,2025-09-01,A股：抱团难搞，切换活（2025.9.1）,0.46,2.29,0.6,1.83,0.14,-0.97,12083.0,
2025-09-02,2025-09-02,A股：龙哥VS市场先生（2025.9.2）,-0.45,-2.85,-0.74,2.4,0.29,-1.31,12228.0,
2025-09-03,2025-09-03,A股：机构砍仓之后，是机会（2025.9.3）,-1.16,0.95,-0.68,2.11,0.48,-3.53,10123.0,
2025-09-04,2025-09-04,A股：珍惜大跌，勿恐慌（2025.9.4）,-1.25,-4.25,-2.12,3.0,0.87,-0.37,11079.0,
2025-09-05,2025-09-05,A股：反弹如期而至（2025.9.5）,1.24,6.55,2.18,5.31,0.94,0.81,9791.0,
2025-09-08,2025-09-08,A股：被拴住的小狗（2025.9.8）,0.38,-0.84,0.16,1.22,0.22,-0.74,10259.0,
2025-09-09,2025-09-09,A股：还要震荡多久？（2025.9.9）,-0.51,-2.23,-0.7,1.72,0.19,-0.03,9178.0,
2025-09-10,2025-09-10,A股：龙哥秀了下肌肉（2025.9.10）,0.13,1.27,0.21,1.14,0.08,-0.25,8211.0,
2025-09-11,2025-09-11,A股：龙哥秀了下操作（2025.9.11）,1.65,5.15,2.31,3.5,0.66,3.18,10168.0,
2025-09-12,2025-09-12,A股：别慌，是龙哥在降温（2025.9.12）,-0.12,-1.09,-0.57,0.97,0.45,-1.45,10938.0,
2025-09-15,2025-09-15,A股：抱团吸血，多小心（2025.9.15）,-0.26,1.52,0.24,1.78,0.5,-0.2,9862.0,
2025-09-16,2025-09-16,A股：敬畏龙哥，能保命（2025.9.16）,0.04,0.68,-0.21,0.64,0.25,0.1,9898.0,
2025-09-17,2025-09-17,A股：财富大转移，开始！（2025.9.17）,0.37,1.95,0.61,1.58,0.24,0.55,10067.0,
2025-09-18,2025-09-18,A股：社会你龙哥，服不？（2025.9.18）,-1.15,-1.64,-1.16,0.49,0.01,-3.05,13660.0,
2025-09-19,2025-09-19,A股：止跌的三个信号（2025.9.19）,-0.3,-0.16,0.08,0.14,0.38,-0.91,10163.0,
2025-09-22,2025-09-22,A股：一起包饺子~（2025.9.22）,0.22,0.55,0.46,0.33,0.24,1.17,9418.0,
2025-09-23,2025-09-23,A股：没跌完，但别怕（2025.9.23）,-0.18,0.21,-0.06,0.39,0.12,-1.73,10717.0,
2025-09-24,2025-09-24,A股：啥时候开启二波？（2025.9.24）,0.83,2.28,1.02,1.45,0.19,0.95,10157.0,
2025-09-25,2025-09-25,A股：解答思考题（2025.9.25）,-0.01,1.58,0.6,1.59,0.61,-0.06,10012.0,
2025-09-26,2025-09-26,A股：便宜货，是跌出来的（2025.9.26）,-0.65,-2.6,-0.95,1.95,0.3,-0.49,9279.0,
2025-09-29,2025-09-29,A股：风水轮流转，挺好（2025.9.29）,0.9,2.74,1.54,1.84,0.64,5.02,9682.0,
2025-09-30,2025-09-30,A股：假期愉快~节后再战（2025.9.30）,0.52,0.0,0.45,0.52,0.07,-1.06,9733.0,
2025-10-08,2025-09-30,A股：10月预案，做好准备（2025.10.8）,0.52,0.0,0.45,0.52,0.07,-1.06,9733.0,
2025-10-09,2025-10-09,A股：红包发完了吗？（2025.10.9）,1.32,0.73,1.48,0.59,0.16,0.19,12169.0,
2025-10-10,2025-10-10,A股：祖传满减，不必慌（2025.10.10）,-0.94,-4.55,-1.97,3.61,1.03,0.29,11321.0,
2025-10-13,2025-10-13,A股：看分时？还是看日K？（2025.10.13）,-0.19,-1.11,-0.49,0.92,0.3,-1.4,10854.0,
2025-10-14,2025-10-14,A股：兵荒马乱，岁月静好（2025.10.14）,-0.62,-3.99,-1.2,3.37,0.58,-0.58,12100.0,
2025-10-15,2025-10-15,A股：又要反转了吗？（2025.10.15）,1.22,2.36,1.48,1.14,0.26,1.25,9616.0,
2025-10-16,2025-10-16,A股：大票、小票、龙票（2025.10.16）,0.1,0.38,0.26,0.28,0.16,-0.31,8693.0,
2025-10-17,2025-10-17,A股：长记性的灰犀牛（2025.10.17）,-1.95,-3.36,-2.26,1.41,0.31,-2.1,8732.0,
2025-10-20,2025-10-20,A股：负反馈还没结束（2025.10.20）,0.63,1.98,0.53,1.35,0.1,0.15,7725.0,
2025-10-21,2025-10-21,A股：不是穿云箭，别激动（2025.10.21）,1.36,3.02,1.53,1.66,0.17,0.94,8379.0,
2025-10-22,2025-10-22,A股：游资猎杀时刻到（2025.10.22）,-0.07,-0.79,-0.33,0.72,0.26,-1.02,7415.0,
2025-10-23,2025-10-23,A股：明天看大戏，做好准备（2025.10.23）,0.22,0.09,0.3,0.13,0.08,1.04,7189.0,
2025-10-24,2025-10-24,A股：疯牛2.0来了吗？（2025.10.24）,0.71,3.57,1.18,2.86,0.47,0.95,8585.0,
2025-10-27,2025-10-27,A股：起点or满减（2025.10.27）,1.18,1.98,1.19,0.8,0.01,1.1,10434.0,
2025-10-28,2025-10-28,A股：把能力范围内的做好（2025.10.28）,-0.22,-0.15,-0.51,0.07,0.29,-0.65,9408.0,
2025-10-29,2025-10-29,A股：切换VS抱团（2025.10.29）,0.7,2.93,1.19,2.23,0.49,2.23,9682.0,
2025-10-30,2025-10-30,A股：做切换，耐心做（2025.10.30）,-0.73,-1.84,-0.8,1.11,0.07,-2.03,10701.0,
2025-10-31,2025-10-31,A股：4千点，能再见吗？（2025.10.31）,-0.81,-2.31,-1.47,1.5,0.66,-1.12,10311.0,
2025-11-03,2025-11-03,A股：11月预案（2025.11.3）,0.55,0.29,0.27,0.26,0.28,-0.25,9417.0,
2025-11-04,2025-11-04,A股：猥琐发育，别浪（2025.11.4.）,-0.41,-1.96,-0.75,1.55,0.34,-0.52,8529.0,
2025-11-05,2025-11-05,A股：游资立大功，但是...（2025.11.5）,0.23,1.03,0.19,0.8,0.04,-0.32,8271.0,
2025-11-06,2025-11-06,A股：兵者，诡道也（2025.11.6）,0.97,1.84,1.43,0.87,0.46,1.3,9303.0,
2025-11-07,2025-11-07,A股：局部风险放大（2025.11.7）,-0.25,-0.51,-0.31,0.26,0.06,-0.92,8755.0,
2025-11-10,2025-11-10,A股：会有C浪下跌吗？（2025.11.10）,0.53,-0.92,0.35,1.45,0.18,1.33,9606.0,
2025-11-11,2025-11-11,A股：双十一打折（2025.11.11）,-0.39,-1.4,-0.91,1.01,0.52,-1.23,8584.0,
2025-11-12,2025-11-12,A股：龙哥护盘三板斧（2025.11.12）,-0.07,-0.39,-0.13,0.32,0.06,-0.71,8405.0,
2025-11-13,2025-11-13,A股：新高了，买什么？（2025.11.13）,0.73,2.55,1.21,1.82,0.48,1.11,8764.0,
2025-11-14,2025-11-14,A股：意料之中的满减（2025.11.14）,-0.97,-2.82,-1.57,1.85,0.6,-1.48,8380.0,
2025-11-17,2025-11-17,A股：跌完了吗？（2025.11.17）,-0.46,-0.2,-0.65,0.26,0.19,-1.04,8057.0,
2025-11-18,2025-11-18,A股：杀恐慌，但好东西别割（2025.11.18）,-0.81,-1.16,-0.65,0.35,0.16,0.17,7909.0,
2025-11-19,2025-11-19,A股：龙的力量，你懂的（2025.11.19）,0.18,0.25,0.44,0.07,0.26,-0.07,7209.0,
2025-11-20,2025-11-20,A股：都在骂？好事情（2025.11.20）,-0.4,-1.12,-0.51,0.72,0.11,-0.53,7113.0,
2025-11-21,2025-11-21,A股：不恐慌，怎么捡便宜（2025.11.21）,-2.45,-4.02,-2.44,1.57,0.01,-3.47,8249.0,
2025-11-24,2025-11-24,A股：走U比走V好（2025.11.24）,0.05,0.31,-0.12,0.26,0.17,0.29,7155.0,
2025-11-25,2025-11-25,A股：磨底进行中（2025.11.25）,0.87,1.77,0.95,0.9,0.08,0.21,7228.0,
2025-11-26,2025-11-26,A股：还是从前的模样（2025.11.26）,-0.15,2.14,0.61,2.29,0.76,-0.23,7010.0,
2025-11-27,2025-11-27,A股：少翻垃圾，多看书（2025.11.27）,0.29,-0.44,-0.05,0.73,0.34,0.02,6985.0,
2025-11-28,2025-11-28,A股：还有增量资金吗？（2025.11.28）,0.34,0.7,0.25,0.36,0.09,0.45,6458.0,
2025-12-01,2025-12-01,A股：12月预案（2025.12.1）,0.65,1.31,1.1,0.66,0.45,0.27,7857.0,
2025-12-02,2025-12-02,A股：喜欢乱来的公募（2025.12.2）,-0.42,-0.69,-0.48,0.27,0.06,-1.04,6274.0,
2025-12-03,2025-12-03,A股：了解游戏规则（2025.12.3）,-0.51,-1.12,-0.51,0.61,0.0,-0.99,6472.0,
2025-12-04,2025-12-04,A股：掌声送公募（2025.12.4）,-0.06,1.01,0.34,1.07,0.4,0.35,6237.0,
2025-12-05,2025-12-05,A股：龙哥再秀肌肉（2025.12.5）,0.7,1.36,0.84,0.66,0.14,2.58,7167.0,
2025-12-08,2025-12-08,A股：感谢增量资金（2025.12.8）,0.54,2.6,0.81,2.06,0.27,2.01,8394.0,
2025-12-09,2025-12-09,A股：持仓都在明面上（2025.12.9）,-0.37,0.61,-0.51,0.98,0.14,-1.23,7812.0,
2025-12-10,2025-12-10,A股：多空双杀，缩量（2025.12.10）,-0.23,-0.02,-0.14,0.21,0.09,0.22,7304.0,
2025-12-11,2025-12-11,A股：公募乱来的代价（2025.12.11）,-0.7,-1.41,-0.86,0.71,0.16,-1.27,7644.0,
2025-12-12,2025-12-12,A股：均衡发展是正道（2025.12.12）,0.41,0.97,0.63,0.56,0.22,0.62,9100.0,
2025-12-15,2025-12-15,A股：两大未解之谜（2025.12.15）,-0.55,-1.77,-0.63,1.22,0.08,0.39,7646.0,
2025-12-16,2025-12-16,A股：大跌才好捡便宜（2025.12.16）,-1.11,-2.1,-1.2,0.99,0.09,-0.74,7333.0,
2025-12-17,2025-12-17,A股：龙哥的馈赠，收下了（2025.12.17）,1.19,3.39,1.83,2.2,0.64,2.0,7668.0,
2025-12-18,2025-12-18,A股：明天年末决战（2025.12.18）,0.16,-2.17,-0.59,2.33,0.75,-1.06,7049.0,
2025-12-19,2025-12-19,A股：勃勃生机，暗有杀气（2025.12.19）,0.36,0.49,0.34,0.13,0.02,0.45,7381.0,
2025-12-22,2025-12-22,A股：春躁行情，来了吗？（2025.12.22）,0.69,2.23,0.95,1.54,0.26,-0.03,7898.0,
2025-12-23,2025-12-23,A股：不着急，也别慌（2025.12.23）,0.07,0.41,0.2,0.34,0.13,-0.25,8069.0,
2025-12-24,2025-12-24,A股：平安夜，保平安（2025.12.24）,0.53,0.77,0.29,0.24,0.24,0.76,7739.0,
2025-12-25,2025-12-25,A股：圣诞节，圣诞劫（2025.12.25）,0.47,0.3,0.18,0.17,0.29,0.41,7850.0,
2025-12-26,2025-12-26,A股：是放量涨？还是跌？（2025.12.26）,0.1,0.14,0.32,0.04,0.22,0.68,8936.0,
2025-12-29,2025-12-29,A股：分歧转一致？还是转退潮？（2025.12.29）,0.04,-0.66,-0.38,0.7,0.42,-0.68,9038.0,
2025-12-30,2025-12-30,A股：大量化时代！（2025.12.30）,-0.0,0.63,0.26,0.63,0.26,-0.2,8875.0,
2025-12-31,2025-12-31,A股：节后等东风（2025.12.31）,0.09,-1.23,-0.46,1.32,0.55,-0.5,8295.0,
2026-01-05,2026-01-05,A股：1月预案（2025.1.5）,1.38,2.85,1.9,1.47,0.52,1.88,10673.0,
2026-01-06,2026-01-06,A股：穿云箭，来了（2025.1.6）,1.5,0.75,1.55,0.75,0.05,4.13,11758.0,
2026-01-07,2026-01-07,A股：行情还在继续（2025.1.7）,0.05,0.31,-0.29,0.26,0.34,-1.53,11974.0,
2026-01-08,2026-01-08,A股：别慌，龙哥压涨速（2025.1.8）,-0.07,-0.82,-0.82,0.75,0.75,-2.73,11832.0,
2026-01-09,2026-01-09,A股：部分止盈，行情继续（2025.1.9）,0.92,0.77,0.45,0.15,0.47,0.27,12892.0,
2026-01-12,2026-01-12,A股：享受牛市，动态持仓（2026.1.12）,1.09,1.82,0.65,0.73,0.44,1.56,14462.0,
2026-01-13,2026-01-13,A股：此起彼伏，行情继续（2026.1.13）,-0.64,-1.96,-0.6,1.32,0.04,-0.75,14816.0,
2026-01-14,2026-01-14,A股：龙哥降温，慢牛继续（2026.1.14）,-0.31,0.82,-0.4,1.13,0.09,-0.62,16070.0,
2026-01-15,2026-01-15,A股：5档换1档，慢牛（2026.1.15）,-0.33,0.56,0.2,0.89,0.53,-1.58,11759.0,
2026-01-16,2026-01-16,A股：巴掌打了，该给糖了（2026.1.16）,-0.26,-0.2,-0.41,0.06,0.15,-0.81,13380.0,
2026-01-18,2026-01-16,A股慢牛，前因后果,-0.26,-0.2,-0.41,0.06,0.15,-0.81,13380.0,
2026-01-19,2026-01-19,A股：龙哥给糖了，但并不多（2026.1.19）,0.29,-0.7,0.05,0.99,0.24,-0.41,11901.0,
2026-01-20,2026-01-20,A股：龙哥护盘，长线不用怕（2026.1.20）,-0.01,-1.79,-0.33,1.78,0.32,0.42,12215.0,
2026-01-21,2026-01-21,A股：独立王国的好与坏（2026.1.21）,0.08,0.54,0.09,0.46,0.01,-0.67,11802.0,
2026-01-22,2026-01-22,A股：短线难度加大（2026.1.22）,0.14,1.01,0.01,0.87,0.13,0.17,12018.0,
2026-01-23,2026-01-23,A股：珍惜反弹，下周或有雨（2026.1.23）,0.33,0.63,-0.45,0.3,0.78,-0.12,13369.0,
2026-01-26,2026-01-26,A股：慢牛赚慢钱（2026.1.26）,-0.09,-0.91,0.09,0.82,0.18,0.75,14519.0,
2026-01-27,2026-01-27,A股：皮鞭加碘伏（2026.1.27）,0.18,0.71,-0.03,0.53,0.21,-1.13,12894.0,
2026-01-28,2026-01-28,A股：牛市四大忌（2026.1.28）,0.27,-0.57,0.26,0.84,0.01,-0.04,13655.0,
2026-01-29,2026-01-29,A股：价投快乐日~（2026.1.29）,0.16,-0.57,0.76,0.73,0.6,1.33,14858.0,
2026-01-30,2026-01-30,A股：下探有限，不用慌（2026.1.30）,-0.96,1.27,-1.0,2.23,0.04,-1.56,12699.0,
2026-02-02,2026-02-02,A股：龙哥演示“高抛低吸”（2026.2.2）,-2.48,-2.46,-2.13,0.02,0.35,-1.33,11635.0,
2026-02-03,2026-02-03,A股：左侧长线选手，干活（2026.2.3）,1.29,1.86,1.18,0.57,0.11,-0.17,11107.0,
2026-02-04,2026-02-04,A股：比牛市更重要的事（2026.2.4）,0.85,-0.4,0.83,1.25,0.02,1.32,10635.0,
2026-02-05,2026-02-05,A股：2月预案，捡便宜（2026.2.5）,-0.64,-1.55,-0.6,0.91,0.04,0.32,9470.0,
2026-02-06,2026-02-06,A股：避免噪音干扰，继续干活（2026.2.6）,-0.25,-0.73,-0.57,0.48,0.32,-0.77,8987.0,
2026-02-09,2026-02-09,A股：回城大礼包，坐轿子（2026.2.9）,1.41,2.98,1.63,1.57,0.22,0.97,9497.0,
2026-02-10,2026-02-10,A股：归心似箭，平平淡淡（2026.2.10）,0.13,-0.37,0.11,0.5,0.02,-0.25,8822.0,
2026-02-11,2026-02-11,A股：和谐慢牛，安稳过年（2026.2.11）,0.09,-1.08,-0.22,1.17,0.31,-0.19,8226.0,
2026-02-12,2026-02-12,A股：记住为何而出发（2026.2.12）,0.05,1.32,0.12,1.27,0.07,-0.68,8980.0,
2026-02-13,2026-02-13,鳄鱼们新年快乐～,-1.26,-1.57,-1.25,0.31,0.01,-1.03,8468.0,
2026-02-24,2026-02-24,A股：山花烂漫时（2026.2.24）,0.87,0.99,1.01,0.12,0.14,-0.11,9386.0,
2026-02-25,2026-02-25,A股：有秩序的春燥（2026.2.25）,0.72,1.41,0.6,0.69,0.12,0.59,10860.0,
2026-02-26,2026-02-26,A股：长线被套了怎么办？（2026.2.26）,-0.01,-0.29,-0.19,0.28,0.18,-1.05,10672.0,
2026-02-27,2026-02-27,A股：佛系的意外收获（2026.2.27）,0.39,-1.04,-0.34,1.43,0.73,0.19,10724.0,
2026-03-02,2026-03-02,A股：长线调仓的方式（2026.3.2）,0.47,-0.49,0.38,0.96,0.09,-1.34,13459.0,
2026-03-03,2026-03-03,A股：春燥行情还在（2026.3.3）,-1.43,-2.57,-1.54,1.14,0.11,-0.95,14258.0,
2026-03-04,2026-03-04,A股：遥想公瑾们去年（2026.3.4）,-0.98,-1.41,-1.14,0.43,0.16,-2.36,11131.0,
2026-03-05,2026-03-05,A股：大的修复在后面（2026.3.5）,0.64,1.66,0.98,1.02,0.34,0.24,10680.0,
2026-03-06,2026-03-06,A股：会议蜜月期继续（2026.3.6）,0.38,0.38,0.27,0.0,0.11,1.22,9788.0,
2026-03-09,2026-03-09,A股：3月预案（2026.3.9）,-0.67,-0.64,-0.97,0.03,0.3,-1.76,11941.0,
2026-03-10,2026-03-10,A股：世界和平，安心赚钱（2026.3.10）,0.65,3.04,1.28,2.39,0.63,0.79,10364.0,
2026-03-11,2026-03-11,A股：主线苗头有了（2026.3.11）,0.25,1.31,0.64,1.06,0.39,0.23,10636.0,
2026-03-12,2026-03-12,A股：主线三种买点（2026.3.12）,-0.1,-0.96,-0.36,0.86,0.26,-0.17,10782.0,
2026-03-13,2026-03-13,A股：下周分歧转一致（2026.3.13）,-0.81,-0.22,-0.39,0.59,0.42,-0.84,10639.0,
2026-03-16,2026-03-16,A股：转一致，成功了吗？（2026.3.16）,-0.26,1.41,0.05,1.67,0.31,-0.45,10372.0,
2026-03-17,2026-03-17,A股：人们在害怕什么？（2026.3.17）,-0.85,-2.29,-0.73,1.44,0.12,1.02,9512.0,
2026-03-18,2026-03-18,A股：今年最大的机会（2026.3.18）,0.32,2.02,0.45,1.7,0.13,-0.29,8763.0,
2026-03-19,2026-03-19,A股：危机诞生好买点（2026.3.19）,-1.39,-1.11,-1.61,0.28,0.22,-1.24,9353.0,
2026-03-20,2026-03-20,A股：美好的事情即将发生（2026.3.20）,-1.24,1.3,-0.35,2.54,0.89,-1.85,9649.0,
2026-03-23,2026-03-23,A股：别怕，更别割（2026.3.23）,-3.63,-3.49,-3.26,0.14,0.37,-4.02,10862.0,
2026-03-24,2026-03-24,A股：坐轿子，等反转（2026.3.24）,1.78,0.5,1.28,1.28,0.5,1.05,9314.0,
2026-03-25,2026-03-25,A股：接下来盯三个信号（2026.3.25）,1.3,2.01,1.4,0.71,0.1,1.12,9679.0,
2026-03-26,2026-03-26,A股：“遛狗理论”（2026.3.26）,-1.09,-1.34,-1.32,0.25,0.23,-2.35,8484.0,
2026-03-27,2026-03-27,A股：抓住偷袭上涨（2026.3.27）,0.63,0.71,0.56,0.08,0.07,0.65,7997.0,
2026-03-30,2026-03-30,A股：积极做多核心资产（2026.3.30）,0.24,-0.68,-0.24,0.92,0.48,-0.49,8398.0,
2026-03-31,2026-03-31,A股：不与量化纠缠（2026.3.31）,-0.8,-2.7,-0.93,1.9,0.13,-0.8,8919.0,
2026-04-01,2026-04-01,A股：依旧坐轿子（2026.4.1）,1.46,1.96,1.71,0.5,0.25,1.55,8973.0,
2026-04-02,2026-04-02,A股：空间够了，等时间（2026.4.2）,-0.74,-2.31,-1.04,1.57,0.3,-1.77,8119.0,
2026-04-03,2026-04-03,A股：安心过节（2026.4.3）,-1.0,-0.73,-0.85,0.27,0.15,-0.91,7138.0,
2026-04-07,2026-04-07,A股：4月预案（2026.4.7）,0.26,0.36,-0.0,0.1,0.26,-0.2,7239.0,
2026-04-08,2026-04-08,A股：轻舟已过万重山（2026.4.8）,2.7,5.91,3.49,3.21,0.79,4.01,10742.0,
2026-04-09,2026-04-09,A股：勤复盘，多观察（2026.4.9）,-0.72,-0.73,-0.64,0.01,0.08,-2.24,9025.0,
2026-04-10,2026-04-10,A股：先锋军新高了（2026.4.10）,0.51,3.78,1.54,3.27,1.03,3.69,9557.0,
2026-04-13,2026-04-13,A股：阳光明媚，继续打鱼（2026.4.13）,0.06,0.8,0.21,0.74,0.15,0.75,9194.0,
2026-04-14,2026-04-14,A股：继续坐轿，享受牛市（2026.4.14）,0.95,2.36,1.19,1.41,0.24,0.44,9984.0,
2026-04-15,2026-04-15,A股：歇一歇，再继续涨（2026.4.15）,0.01,-1.22,-0.34,1.23,0.35,-0.68,10289.0,
2026-04-16,2026-04-16,A股：勃勃生机，万物竞发~（2026.4.16）,0.7,3.17,1.1,2.47,0.4,0.63,9766.0,
2026-04-17,2026-04-17,A股：大豪客进场，后续如何？（2026.4.17）,-0.1,1.43,-0.17,1.53,0.07,-0.25,10135.0,
2026-04-20,2026-04-20,A股：继续打鱼，修行靠个人（2026.4.20）,0.76,-0.02,0.61,0.78,0.15,-0.11,10846.0,
2026-04-21,2026-04-21,A股：晴转多云（2026.4.21）,0.07,0.31,0.22,0.24,0.15,-0.78,10333.0,
2026-04-22,2026-04-22,A股：多云、震荡、局部过热（2026.4.22）,0.52,1.73,0.66,1.21,0.14,0.87,10936.0,
2026-04-23,2026-04-23,A股：多云转小雨（2026.4.23）,-0.32,-0.87,-0.28,0.55,0.04,-0.89,12344.0,
2026-04-24,2026-04-24,A股：小雨，下周有反弹（2026.4.24）,-0.33,-1.41,-0.35,1.08,0.02,-0.93,11430.0,
2026-04-27,2026-04-27,A股：真正的考验来了（2026.4.27）,0.16,-0.52,0.03,0.68,0.13,0.13,11361.0,
2026-04-28,2026-04-28,A股：弱切换，小雨依旧（2026.4.28）,-0.19,-1.43,-0.27,1.24,0.08,1.23,11140.0,
2026-04-29,2026-04-29,A股：没天晴，莫急躁（2026.4.29）,0.71,2.52,1.1,1.81,0.39,0.44,11266.0,
2026-04-30,2026-04-30,A股：愉快过节，节后看东风（2026.4.30）,0.11,-0.27,-0.06,0.38,0.17,0.28,12762.0,
2026-05-06,2026-05-06,A股：东风起，但还不够大（2026.5.6）,1.17,2.75,1.45,1.58,0.28,1.43,14659.0,
2026-05-07,2026-05-07,A股：当下的四种买点（2026.5.7）,0.48,1.45,0.48,0.97,0.0,-0.39,13591.0,
2026-05-08,2026-05-08,A股：下周选方向（2026.5.8）,-0.0,-0.96,-0.58,0.96,0.58,-0.78,13317.0,
2026-05-11,2026-05-11,A股：5月预案（2026.5.11）,1.08,3.5,1.64,2.42,0.56,1.71,15844.0,
2026-05-12,2026-05-12,A股：结束？言之尚早（2026.5.12）,-0.25,0.15,-0.08,0.4,0.17,0.26,14653.0,
2026-05-13,2026-05-13,A股：别去猜顶，别去对比（2026.5.13）,0.67,2.63,1.02,1.96,0.35,-0.52,14475.0,
2026-05-14,2026-05-14,A股：不要慌，头还没形成（2026.5.14）,-1.52,-2.16,-1.68,0.64,0.16,-2.3,14981.0,
2026-05-15,2026-05-15,A股：抢反弹，不要犹豫（2026.5.15）,-1.02,-0.56,-1.12,0.46,0.1,-2.02,15192.0,
2026-05-18,2026-05-18,A股：继续看反弹，不要怕（2026.5.18）,-0.09,-0.36,-0.54,0.27,0.45,-0.29,13151.0,
2026-05-19,2026-05-19,A股：反弹继续（2026.5.19）,0.92,-0.16,0.4,1.08,0.52,0.96,13065.0,
2026-05-20,2026-05-20,A股：介绍一个观察指数（2026.5.20）,-0.18,0.34,-0.04,0.52,0.14,-0.73,13589.0,
2026-05-21,2026-05-21,A股：声东击西，识破否？（2026.5.21）,-2.04,-2.35,-1.39,0.31,0.65,0.22,15957.0,
2026-05-22,2026-05-22,A股：老乡们还走吗？（2026.5.22）,0.87,2.84,1.3,1.97,0.43,-1.55,12858.0,
2026-05-25,2026-05-25,A股：注意交易拥挤度（2026.5.25）,0.96,2.1,1.58,1.14,0.62,0.98,14457.0,
2026-05-26,2026-05-26,A股：屠龙到化龙（2026.5.26）,-0.17,0.54,0.53,0.71,0.7,0.87,14617.0,
2026-05-27,2026-05-27,A股：越是反弹，越要小心（2026.5.27）,-1.25,0.07,-0.8,1.32,0.45,-1.26,14734.0,
2026-05-28,2026-05-28,A股：宝妈指数新高（2026.5.28）,0.12,1.96,0.12,1.84,0.0,-2.02,13613.0,
2026-05-29,2026-05-29,A股：宗门老祖的看法（2026.5.29）,-0.73,-2.11,-0.45,1.38,0.28,1.11,15321.0,
2026-06-01,2026-06-01,A股：儿童节快乐~（2026.6.1）,-0.27,-2.15,-0.98,1.88,0.71,0.16,13198.0,
2026-06-02,2026-06-02,A股：坚持策略，相互独立（2026.6.2）,0.43,2.66,1.45,2.23,1.02,0.15,12810.0,
2026-06-03,2026-06-03,A股：不急，小心套（2026.6.3）,0.22,1.65,0.49,1.43,0.27,-0.21,14298.0,
2026-06-04,2026-06-04,A股：少年，你迷茫吗？（2026.6.4）,-0.64,-0.83,-0.69,0.19,0.05,-1.11,12747.0,
2026-06-05,2026-06-05,A股：矫枉，必须过正（2026.6.5）,-0.74,-3.2,-1.79,2.46,1.05,-0.65,13639.0,
2026-06-08,2026-06-08,A股：6月预案，等赈灾粮（2026.6.8）,-1.7,-3.69,-2.14,1.99,0.44,-1.63,12673.0,
2026-06-09,2026-06-09,A股：赈灾粮来了（2026.6.9）,1.28,3.93,1.87,2.65,0.59,0.41,11731.0,
2026-06-10,2026-06-10,A股：赈灾粮不够，看地主豪绅（2026.6.10）,-0.42,-2.7,-1.11,2.28,0.69,1.15,12271.0,
2026-06-11,2026-06-11,A股：护盘的三种力度（2026.6.11）,-0.16,-1.13,-0.55,0.97,0.39,-0.94,11856.0,
2026-06-12,2026-06-12,A股：下周多注意（2026.6.12）,1.12,0.5,1.16,0.62,0.04,3.5,15374.0,
2026-06-15,2026-06-15,6.15鸡蛋商品调研：梅雨影响鸡蛋价格？,1.61,5.3,2.39,3.69,0.78,2.62,14036.0,
2026-06-15,2026-06-15,A股：广度稍改善，继续磨（2026.6.15）,1.61,5.3,2.39,3.69,0.78,2.62,14036.0,
2026-06-15,2026-06-15,大模型之战：为什么价格差这么多？,1.61,5.3,2.39,3.69,0.78,2.62,14036.0,
2026-06-16,2026-06-16,2026年下半年宏观展望,-0.11,1.72,-0.15,1.83,0.04,1.07,13696.0,
2026-06-16,2026-06-16,6.16—必看，隔夜大事件！,-0.11,1.72,-0.15,1.83,0.04,1.07,13696.0,
2026-06-16,2026-06-16,A股：节前效应，继续磨（2026.6.16）,-0.11,1.72,-0.15,1.83,0.04,1.07,13696.0,
2026-06-17,2026-06-17,6.17今日份信息差，看这篇就够了,0.4,1.56,0.97,1.16,0.57,-0.15,14031.0,
2026-06-17,2026-06-17,6.17风电行业观察,0.4,1.56,0.97,1.16,0.57,-0.15,14031.0,
2026-06-17,2026-06-17,A股：你该如何面对司马懿？（2026.6.17）,0.4,1.56,0.97,1.16,0.57,-0.15,14031.0,
2026-06-18,2026-06-18,6.18全球消息速览,-0.43,2.05,0.21,2.48,0.64,-2.98,15605.0,
2026-06-18,2026-06-18,6.18电网行业观察,-0.43,2.05,0.21,2.48,0.64,-2.98,15605.0,
2026-06-18,2026-06-18,A股：节后飞行员准备（2026.6.18）,-0.43,2.05,0.21,2.48,0.64,-2.98,15605.0,
2026-06-22,2026-06-22,6.22节日后，全球大事件,1.78,2.52,2.39,0.74,0.61,7.69,17040.0,
2026-06-22,2026-06-22,A股：巨震即将来袭（2026.6.22）,1.78,2.52,2.39,0.74,0.61,7.69,17040.0,
2026-06-23,2026-06-23,6.23速看！SpaceX暴跌16%,-1.37,-3.84,-2.77,2.47,1.4,0.39,15945.0,
2026-06-23,2026-06-23,A股：巨震还没结束（2026.6.23）,-1.37,-3.84,-2.77,2.47,1.4,0.39,15945.0,
2026-06-24,2026-06-24,6.24:龙队从沪深300、科创板ETF撤退了！,0.11,1.41,0.48,1.3,0.37,-2.01,15142.0,
2026-06-24,2026-06-24,6.24高盛警告，AI板块将重新定价！,0.11,1.41,0.48,1.3,0.37,-2.01,15142.0,
2026-06-24,2026-06-24,A股：市场再亮红灯（2026.6.24）,0.11,1.41,0.48,1.3,0.37,-2.01,15142.0,
2026-06-25,2026-06-25,6.25美光财报发布，存储超级周期实锤,0.23,2.84,1.56,2.61,1.33,3.5,16190.0,
2026-06-25,2026-06-25,A股：奖池继续累积（2026.6.25）,0.23,2.84,1.56,2.61,1.33,3.5,16190.0,
2026-06-25,2026-06-25,下半年稀土以及战略小金属多维度展望,0.23,2.84,1.56,2.61,1.33,3.5,16190.0,
2026-06-25,2026-06-25,新能源重卡替代观察,0.23,2.84,1.56,2.61,1.33,3.5,16190.0,
2026-06-26,2026-06-26,6.26核心数据发布，速览！,-2.26,-4.07,-3.03,1.81,0.77,-3.91,16212.0,
2026-06-26,2026-06-26,A股：结束or开始（2026.6.26）,-2.26,-4.07,-3.03,1.81,0.77,-3.91,16212.0,
2026-06-29,2026-06-29,6.29SpaceX将于纳入纳斯达克100指数,1.16,0.54,1.21,0.62,0.05,1.33,16662.0,
2026-06-29,2026-06-29,A股：控制变量，找问题（2026.6.29）,1.16,0.54,1.21,0.62,0.05,1.33,16662.0,
2026-06-30,2026-06-30,6.30:速看！道指创收盘历史新高,0.5,2.99,1.07,2.49,0.57,0.21,15303.0,
2026-06-30,2026-06-30,6.30创新药行业观察,0.5,2.99,1.07,2.49,0.57,0.21,15303.0,
2026-06-30,2026-06-30,A股：反人类故事盛行（2026.6.30）,0.5,2.99,1.07,2.49,0.57,0.21,15303.0,
2026-07-01,2026-07-01,7.1寒武纪：若未来上游原材料价格持续走高_将...,0.44,-1.89,-0.41,2.33,0.85,4.65,16985.0,
2026-07-01,2026-07-01,A股：切换到哪一步了？（2026.7.1）,0.44,-1.89,-0.41,2.33,0.85,4.65,16985.0,
2026-07-02,2026-07-02,7.2存储概念跌超_9%,-2.03,-5.71,-2.96,3.68,0.93,-2.54,15772.0,
2026-07-02,2026-07-02,A股：大雨如期而至（2026.7.2）,-2.03,-5.71,-2.96,3.68,0.93,-2.54,15772.0,
2026-07-03,2026-07-03,7.3费城半导体指数大跌5.44%,0.37,0.07,0.62,0.3,0.25,0.67,14656.0,
2026-07-03,2026-07-03,A股：在三剑客躲雨（2026.7.3）,0.37,0.07,0.62,0.3,0.25,0.67,14656.0,
2026-07-06,2026-07-06,7.6美光投资93亿美元到存储芯片,-0.06,-1.77,-0.0,1.71,0.06,0.53,14321.0,
2026-07-06,2026-07-06,A股：依旧闷热，有乌云（2026.7.6）,-0.06,-1.77,-0.0,1.71,0.06,0.53,14321.0,
2026-07-07,2026-07-07,A股：雷阵雨来袭（2026.7.7）,-1.26,-0.94,-1.03,0.32,0.23,-3.02,11964.0,
2026-07-07,2026-07-07,【国内经济的矛盾与未来】,-1.26,-0.94,-1.03,0.32,0.23,-3.02,11964.0,
2026-07-07,2026-07-07,三星季度利润创历史新高,-1.26,-0.94,-1.03,0.32,0.23,-3.02,11964.0,
2026-07-08,2026-07-08,7.8日债10年期突破2.83%,-0.49,-1.7,-0.77,1.21,0.28,-1.31,11924.0,
2026-07-08,2026-07-08,A股：阵雨，港股反转？（2026.7.8）,-0.49,-1.7,-0.77,1.21,0.28,-1.31,11924.0,
2026-07-09,2026-07-09,7.9-爆了！阿里涨幅超11%,1.65,4.49,2.54,2.84,0.89,2.14,13642.0,
2026-07-09,2026-07-09,A股：智慧不一定能传下去（2026.7.9）,1.65,4.49,2.54,2.84,0.89,2.14,13642.0,
2026-07-09,2026-07-09,细谈-游戏公司最怕“一波流”,1.65,4.49,2.54,2.84,0.89,2.14,13642.0,
2026-07-10,2026-07-10,7.10-美股科技大涨！,-1.0,-4.37,-1.96,3.37,0.96,-2.06,15631.0,
2026-07-10,2026-07-10,A股：喝吐了，清醒就近了（2026.7.10）,-1.0,-4.37,-1.96,3.37,0.96,-2.06,15631.0,
2026-07-10,2026-07-10,创新药——如何看反转还是反弹？,-1.0,-4.37,-1.96,3.37,0.96,-2.06,15631.0,
2026-07-11,2026-07-10,K型复苏是手段，不是目的,-1.0,-4.37,-1.96,3.37,0.96,-2.06,15631.0,
2026-07-13,2026-07-13,7.13商业航天取得突破,-2.06,-3.1,-1.79,1.04,0.27,-0.98,13349.0,
2026-07-13,2026-07-13,A股：杠杆去了，再谈止跌（2026.7.13）,-2.06,-3.1,-1.79,1.04,0.27,-0.98,13349.0,
2026-07-14,2026-07-14,7.14美伊战事重启,1.36,3.43,2.15,2.07,0.79,0.3,12718.0,
2026-07-14,2026-07-14,A股：金币与炸弹并存（2026.7.14）,1.36,3.43,2.15,2.07,0.79,0.3,12718.0,
2026-07-15,2026-07-15,A股：捡金币，躲炸弹（2026.7.15）,-0.29,-1.21,-0.2,0.92,0.09,2.46,12263.0,
2026-07-15,2026-07-15,长鑫科技发行价已定,-0.29,-1.21,-0.2,0.92,0.09,2.46,12263.0,
2026-07-16,2026-07-16,7.16美国PPI超预期,-1.85,-2.95,-1.85,1.1,0.0,-1.65,11242.0,
2026-07-16,2026-07-16,股市：炸弹继续爆破（2026.7.16）,-1.85,-2.95,-1.85,1.1,0.0,-1.65,11242.0,
2026-07-17,2026-07-17,7.17隔夜美股存储、半导体再度下跌,-3.05,-7.15,-3.6,4.1,0.55,-1.5,12464.0,
2026-07-17,2026-07-17,股市：幻想破灭，才止跌（2026.7.17）,-3.05,-7.15,-3.6,4.1,0.55,-1.5,12464.0,
2026-07-19,2026-07-17,2026.7.19生猪和鸡蛋商品观察,-3.05,-7.15,-3.6,4.1,0.55,-1.5,12464.0,
2026-07-20,2026-07-20,7.20新易盛等发布业绩预告,0.85,0.42,1.53,0.43,0.68,2.14,12947.0,
2026-07-20,2026-07-20,股市：看戏，躲雨（2026.7.20）,0.85,0.42,1.53,0.43,0.68,2.14,12947.0,
2026-07-21,2026-07-21,7.21美存储全线走强,1.79,7.05,3.06,5.26,1.27,0.15,13965.0,
2026-07-21,2026-07-21,股市：改稻为桑，等倒严（2026.7.21）,1.79,7.05,3.06,5.26,1.27,0.15,13965.0,
2026-07-22,2026-07-22,7.22美存储强势反弹,0.07,-3.23,-0.46,3.3,0.53,-0.61,12581.0,
2026-07-22,2026-07-22,股市：会有爆跌2.0吗？（2026.7.22）,0.07,-3.23,-0.46,3.3,0.53,-0.61,12581.0,
2026-07-23,2026-07-23,7.23特斯拉财报披露,0.25,0.25,0.23,0.0,0.02,1.19,10259.0,
2026-07-23,2026-07-23,股市：机构、职业圈的分歧（2026.7.23）,0.25,0.25,0.23,0.0,0.02,1.19,10259.0,
2026-07-24,2026-07-24,7.24美股大跌、长鑫即将上市,-1.61,-2.65,-1.67,1.04,0.06,-2.56,9154.0,
2026-07-27,2026-07-27,7.27美暂停打击伊朗,1.15,3.16,1.15,2.01,0.0,0.47,10313.0,
2026-07-27,2026-07-27,股市：为醋包饺，看戏（2026.7.27）,1.15,3.16,1.15,2.01,0.0,0.47,10313.0,
2026-07-28,2026-07-28,7.28SK海力士破发,-1.16,-7.35,-2.83,6.19,1.67,-1.4,9497.0,
2026-07-28,2026-07-28,股市：风气扭转中，请保持（2026.7.28）,-1.16,-7.35,-2.83,6.19,1.67,-1.4,9497.0,
2026-07-29,2026-07-29,7.29SK海力士业绩公布,0.4,1.55,0.67,1.15,0.27,1.7,10874.0,
2026-07-29,2026-07-29,股市：护盘正确，请保持（2026.7.29）,0.4,1.55,0.67,1.15,0.27,1.7,10874.0,
2026-07-30,2026-07-30,7.30美联储按兵不动，3票主加息,-0.62,-3.97,-1.1,3.35,0.48,0.01,11065.0,
2026-07-30,2026-07-30,股市：磨底正确，请保持（2026.7.30）,-0.62,-3.97,-1.1,3.35,0.48,0.01,11065.0,
2026-07-31,2026-07-31,7.31美科技全线暴涨,0.72,3.06,0.85,2.34,0.13,-0.16,11877.0,
2026-07-31,2026-07-31,股市：结构良好，请保持（2026.7.31）,0.72,3.06,0.85,2.34,0.13,-0.16,11877.0,
2026-08-03,2026-08-03,8.3日韩股市低开,-0.59,-1.24,-0.98,0.65,0.39,-0.15,9523.0,
2026-08-03,2026-08-03,股市：自发磨底，两个预案（2026.8.3）,-0.59,-1.24,-0.98,0.65,0.39,-0.15,9523.0,
2026-08-04,2026-08-04,8.4全是利好，美股大爆发！,0.33,5.64,1.27,5.31,0.94,-0.25,10084.0,
2026-08-04,2026-08-04,股市：按照预案发展，继续磨底（2026.8.4）,0.33,5.64,1.27,5.31,0.94,-0.25,10084.0,
2026-08-05,2026-08-05,8.5数据中心设备出大消息！,1.47,1.32,1.24,0.15,0.23,0.69,12087.0,
2026-08-05,2026-08-05,股市：反弹的结构决定高度（2026.8.5）,1.47,1.32,1.24,0.15,0.23,0.69,12087.0,
2026-08-06,2026-08-06,8.6海外科技彻底引爆！,0.57,-0.55,-0.15,1.12,0.72,-1.2,11668.0,
2026-08-06,2026-08-06,股市：反弹继续，勤复盘（2026.8.6）,0.57,-0.55,-0.15,1.12,0.72,-1.2,11668.0,
2026-08-07,2026-08-07,8.7宇树上市，科技升温！,1.02,1.35,0.93,0.33,0.09,-0.16,12095.0,
2026-08-07,2026-08-07,股市：反弹加速，赛马环节（2026.8.7）,1.02,1.35,0.93,0.33,0.09,-0.16,12095.0,
2026-08-07,2026-08-07,苹果想要长鑫，但长鑫为什么不急？,1.02,1.35,0.93,0.33,0.09,-0.16,12095.0,
2026-08-10,2026-08-10,8.10周末消息汇总,0.67,-0.73,0.16,1.4,0.51,0.34,11669.0,
2026-08-10,2026-08-10,股市：继续赛马，多复盘（2026.8.10）,0.67,-0.73,0.16,1.4,0.51,0.34,11669.0,
2026-08-11,2026-08-11,8.11海外光通信大跌,-0.82,0.34,-0.81,1.16,0.01,-0.69,10667.0,
2026-08-11,2026-08-11,股市：分歧加大，注意下（2026.8.11）,-0.82,0.34,-0.81,1.16,0.01,-0.69,10667.0,
2026-08-12,2026-08-12,8.12科技业绩持续爆发！,0.32,1.49,0.58,1.17,0.26,0.33,9861.0,
2026-08-12,2026-08-12,股市：明天再看看，不对就溜（2026.8.12）,0.32,1.49,0.58,1.17,0.26,0.33,9861.0,
2026-08-13,2026-08-13,8.13海外科技继续大涨,-0.5,-0.45,-0.57,0.05,0.07,0.45,11642.0,
2026-08-13,2026-08-13,股市：短线休息了，后面再看（2026.8.13）,-0.5,-0.45,-0.57,0.05,0.07,0.45,11642.0,
2026-08-14,2026-08-14,8.14存储业绩炸裂！,0.01,1.12,0.04,1.11,0.03,-1.4,9904.0,
2026-08-14,2026-08-14,股市：下周看三个东西（2026.8.14）,0.01,1.12,0.04,1.11,0.03,-1.4,9904.0,
2026-08-16,2026-08-14,8.16鸡蛋行业观察,0.01,1.12,0.04,1.11,0.03,-1.4,9904.0,
2026-08-17,2026-08-17,8.17周末消息汇总,1.41,3.14,1.61,1.73,0.2,0.7,11128.0,
2026-08-17,2026-08-17,股市：《牛来》是部烂片（2026.8.17）,1.41,3.14,1.61,1.73,0.2,0.7,11128.0,
2026-08-18,2026-08-18,8.18海外存光继续走强,0.19,-0.93,-0.32,1.12,0.51,-1.37,11352.0,
2026-08-18,2026-08-18,股市：除了快枪手，都可以休息了（2026.8.18）,0.19,-0.93,-0.32,1.12,0.51,-1.37,11352.0,
2026-08-19,2026-08-19,8.19朱雀回收成功海外科技大跌,-2.4,-6.26,-2.9,3.86,0.5,-1.47,12181.0,
2026-08-19,2026-08-19,股市：主动休息，好过被动休息,-2.4,-6.26,-2.9,3.86,0.5,-1.47,12181.0,
2026-08-20,2026-08-20,8.20海力士逆天回购科技续命！,0.24,0.64,0.09,0.4,0.15,-0.13,10186.0,
2026-08-21,2026-08-21,8.21美债搅动市场美股重挫,0.04,1.43,0.57,1.39,0.53,0.04,8834.0,
2026-08-24,2026-08-24,8.24周末消息汇总,-0.59,-3.21,-1.21,2.62,0.62,0.36,9520.0,
2026-08-24,2026-08-24,股市：等鸡肋时间过去（2026.8.24）,-0.59,-3.21,-1.21,2.62,0.62,0.36,9520.0,
2026-08-25,2026-08-25,8.25海外存储又双叒崩了！,0.19,-1.0,-0.24,1.19,0.43,-0.14,8589.0,
2026-08-25,2026-08-25,股市：先止血，再愈合（2026.8.25）,0.19,-1.0,-0.24,1.19,0.43,-0.14,8589.0,
2026-08-26,2026-08-26,8.26消费电子超级月将带来！,0.59,0.51,0.85,0.08,0.26,2.75,8572.0,
2026-08-26,2026-08-26,股市：流程正确，力度不够（2026.8.26）,0.59,0.51,0.85,0.08,0.26,2.75,8572.0,
2026-08-27,2026-08-27,8.27英伟达王炸业绩利好！,1.13,1.71,0.86,0.58,0.27,1.07,10102.0,
2026-08-27,2026-08-27,股市：当下短线选股姿势（2026.8.27）,1.13,1.71,0.86,0.58,0.27,1.07,10102.0,
2026-08-28,2026-08-28,8.28英伟达一夜上涨3万亿！,-0.11,-1.41,-0.46,1.3,0.35,-0.22,9704.0,
2026-08-28,2026-08-28,股市：生命线的考验（2026.8.28）,-0.11,-1.41,-0.46,1.3,0.35,-0.22,9704.0,
2026-08-31,2026-08-31,8.31周末消息汇总！,0.86,0.42,0.35,0.44,0.51,0.17,10143.0,
2026-08-31,2026-08-31,股市：月末偷袭，是好是坏？（2026.8.31）,0.86,0.42,0.35,0.44,0.51,0.17,10143.0,
2026-09-01,2026-09-01,科技又有大进展！,-0.16,-1.32,-0.3,1.16,0.14,0.61,9443.0,
2026-09-01,2026-09-01,股市：大团圆结局的前提（2026.9.1）,-0.16,-1.32,-0.3,1.16,0.14,0.61,9443.0,
2026-09-02,2026-09-02,9.2霍尔木兹再起原油波澜,-0.97,-2.39,-1.38,1.42,0.41,-2.13,8354.0,
2026-09-02,2026-09-02,股市：考验没过，小心蟑螂（2026.9.2）,-0.97,-2.39,-1.38,1.42,0.41,-2.13,8354.0,
2026-09-03,2026-09-03,9.3重要产业链消息更新！,0.02,0.01,0.1,0.01,0.08,0.88,8199.0,
2026-09-03,2026-09-03,股市：情绪退潮，结构还行（2026.9.3）,0.02,0.01,0.1,0.01,0.08,0.88,8199.0,
2026-09-04,2026-09-04,9.4美股科技大涨聚焦亚洲市场,-0.3,-0.78,-0.1,0.48,0.2,0.64,9383.0,
2026-09-04,2026-09-04,股市：关于创业板（2026.9.4）,-0.3,-0.78,-0.1,0.48,0.2,0.64,9383.0,
2026-09-07,2026-09-07,9.7周末消息汇总,0.07,3.41,0.59,3.34,0.52,-1.35,8979.0,
2026-09-07,2026-09-07,股市：静待利率决议（2026.9.7）,0.07,3.41,0.59,3.34,0.52,-1.35,8979.0,
2026-09-08,2026-09-08,9.8科技行情蠢蠢欲动！,0.2,-1.15,-0.36,1.35,0.56,-0.54,9156.0,
2026-09-08,2026-09-08,股市：熟悉的妖股氛围（2026.9.8）,0.2,-1.15,-0.36,1.35,0.56,-0.54,9156.0,
2026-09-09,2026-09-09,9.9科技利好繁多,0.28,-0.14,0.3,0.42,0.02,-0.17,8737.0,
2026-09-09,2026-09-09,股市：缩量弱轮动，不妙（2026.9.9）,0.28,-0.14,0.3,0.42,0.02,-0.17,8737.0,
2026-09-10,2026-09-10,9.10苹果全新发布，存储大涨,-0.43,-0.49,-0.53,0.06,0.1,0.8,7797.0,
2026-09-10,2026-09-10,股市：短线顶级防御之术（2026.9.10）,-0.43,-0.49,-0.53,0.06,0.1,0.8,7797.0,
2026-09-11,2026-09-11,09.11靴子落地，科技下跌,-1.18,-0.49,-0.84,0.69,0.34,-3.1,9582.0,
2026-09-11,2026-09-11,股市：狼来了，亡羊补牢（2026.9.11）,-1.18,-0.49,-0.84,0.69,0.34,-3.1,9582.0,
2026-09-14,2026-09-14,9.14周末消息汇总，海外AI限速，国产替代加速,-0.07,-1.1,-0.67,1.03,0.6,-0.46,7793.0,
2026-09-14,2026-09-14,股市：补跌&amp;超跌反弹（2026.9.14）,-0.07,-1.1,-0.67,1.03,0.6,-0.46,7793.0,
2026-09-15,2026-09-15,9.15海外AI踩刹车，科技大跌,-0.54,-1.15,-0.67,0.61,0.13,-0.54,7640.0,
2026-09-15,2026-09-15,股市：新低了，危or机？（2026.9.15）,-0.54,-1.15,-0.67,0.61,0.13,-0.54,7640.0,
2026-09-16,2026-09-16,9.16油价新高，科技承压。,0.71,1.96,0.68,1.25,0.03,0.57,8711.0,
2026-09-16,2026-09-16,股市：盲盒的诱惑（2026.9.16）,0.71,1.96,0.68,1.25,0.03,0.57,8711.0,
2026-09-17,2026-09-17,9.17加息来了，真靴子落地。,-0.41,-0.4,-0.45,0.01,0.04,-1.1,8688.0,
2026-09-17,2026-09-17,股市：短飞一波，看回调（2026.9.17）,-0.41,-0.4,-0.45,0.01,0.04,-1.1,8688.0,
2026-09-18,2026-09-18,9.18风险释放还是阴霾再起？,0.94,2.25,1.06,1.31,0.12,1.32,9942.0,
2026-09-18,2026-09-18,股市：多空增仓，下周激战（2026.9.18）,0.94,2.25,1.06,1.31,0.12,1.32,9942.0,
2026-09-21,2026-09-21,9.21周末消息汇总,0.97,0.8,0.71,0.17,0.26,1.13,9468.0,
2026-09-21,2026-09-21,股市：中期看美债（2026.9.21）,0.97,0.8,0.71,0.17,0.26,1.13,9468.0,
2026-09-22,2026-09-22,9.22会谈时间定了，美股大涨！,0.06,0.01,0.11,0.05,0.05,0.25,10080.0,
2026-09-22,2026-09-22,股市：假期临近，波动加剧（2026.9.22）,0.06,0.01,0.11,0.05,0.05,0.25,10080.0,
2026-09-23,2026-09-23,美股新高，今日见证里程碑！,-0.39,-0.6,-0.6,0.21,0.21,-0.51,8341.0,
2026-09-23,2026-09-23,股市：如来神掌，蓄力中（2026.9.23）,-0.39,-0.6,-0.6,0.21,0.21,-0.51,8341.0,
2026-09-24,2026-09-24,9.24全球关注——中美时间,-1.22,-2.68,-1.73,1.46,0.51,-1.87,7836.0,
2026-09-24,2026-09-24,股市：跌多少才会止跌？（2026.9.24）,-1.22,-2.68,-1.73,1.46,0.51,-1.87,7836.0,
